Ecotype,Recording,Maximum.Frequency..kHz.,Minimum.Frequency..kHz.,Fundamental.frequency.Start..kHz.,Fundamental.frequency.End..kHz.,Delta.Frequency..kHz.,Peak.Frequency..kHz.,Duration..s.
Coastal,Cc 000_0057sel.21-011,17.21559658,6.004511541,6.004511541,17.21559658,11.21108504,12.140625,0.533
Coastal,12-18ZOOM0093sel.11,15.66470623,9.762444338,9.762444338,15.66470623,5.902261892,12.70458984,0.534
Coastal,DR0000_0366.wavsel.48,16.3409129,7.957282907,9.112630907,16.3409129,8.383629993,8.109375,0.722
Coastal,12-15ZOOM0100sel.29,13.33408433,3.911755174,5.23298292,10.66407559,9.422329156,7.92421875,0.718
Coastal,Cc 000_0017sel.26,21.61275425,9.846014057,12.79608175,21.61275425,11.76674019,9.905273438,0.858
Coastal,3-10ZOOM314sel.13,18.30731136,9.86443143,10.94477742,18.30731136,8.44287993,15.63310547,0.793
Coastal,3-10ZOOM310sel.10,14.04528756,4.454410734,4.454410734,5.178879781,9.590876826,7.622753906,0.661
Coastal,2018_0128sel.28,20.54664369,7.595121675,11.28698537,14.937127,12.95152202,7.96875,1.248
Coastal,2018_0241sel.04,19.29913216,5.123104917,8.57733067,10.28838151,14.17602724,6.5625,1.304
Coastal,3-10ZOOM310sel.21,21.1745112,5.598697286,5.627865765,21.1745112,15.57581391,13.91044922,0.7
Coastal,3-10ZOOM310sel.27,10.71963403,8.013132188,8.013132188,10.71963403,2.706501842,9.603808594,0.308
Coastal,12-15ZOOM0100sel.66,21.39571879,2.338589695,2.338589695,21.39571879,19.0571291,10.24980469,0.535
Coastal,2018_0241sel.11,17.57844206,6.195339938,8.559903442,16.68532306,11.38310212,6.421875,1.024
Coastal,Cc 000_0057sel.24,15.51066982,5.134999407,5.353736686,7.169242569,10.37567041,15.234375,0.748
Coastal,2018_0128sel.27,21.35627943,8.779653566,21.35627943,17.60362343,12.57662586,9.421875,0.879
Coastal,Cc 000_0057sel.10,13.97458852,6.325916367,6.325916367,13.97458852,7.648672153,8.15625,0.307
Coastal,2018_0128sel.26,18.65430732,3.54027348,3.54027348,18.65430732,15.11403384,4.03125,1.296
Coastal,12-15ZOOM0100sel.25,18.69181797,5.569679983,5.569679983,17.47084352,13.12213799,8.61328125,1.326
Coastal,Cc 000_0030sel.12,19.57762513,5.261142175,5.261142175,9.303672987,14.31648296,5.859375,1.539
Coastal,12-18ZOOM0093sel.49,13.75636404,6.785572674,6.964183809,13.75636404,6.970791366,8.656347656,0.938
Coastal,2018_0128sel.08,21.56362501,5.013016764,6.200333282,21.56362501,16.55060825,5.390625,0.633
Coastal,Cc 000_0012sel.17,19.04426397,5.882366111,5.882366111,19.04426397,13.16189786,8.26875,0.88
Coastal,PR_21042017_77sel.11-03,17.56388598,8.957194249,8.957194249,12.12165588,8.606691731,12.31699219,0.811
Coastal,12-17ZOOM0096sel.06,12.85778001,5.74606726,5.74606726,11.0591162,7.11171275,10.37900391,0.926
Coastal,12-15ZOOM0100sel.02,14.34027931,6.964183809,6.964183809,13.61413875,7.376095501,8.397949219,0.72
Coastal,PR_21042017_77sel.47,11.43224798,7.226491666,11.43224798,8.698749716,4.205756314,7.407421875,0.097
Coastal,ZOOM0071sel.04,17.02276701,6.856460743,7.222165421,17.02276701,10.16630627,7.665820313,0.79
Coastal,PR_21042017_77sel.39,17.56388598,6.882331342,6.882331342,17.56388598,10.68155464,7.881152344,0.636
Coastal,ZOOM0139sel.03,14.64146675,3.364543101,3.772024103,14.64146675,11.27692365,13.56591797,1.151
Coastal,DR0000_0366.wavsel.41,15.83758132,11.46265267,12.99077204,15.83758132,4.37492865,12.609375,0.294
Coastal,ZOOM0139sel.06,13.82803289,6.084079592,7.07359933,13.26497554,7.743953298,8.785546875,0.934
Coastal,ZOOM0254sel.22,20.52451631,15.42240214,16.84677081,20.52451631,5.10211417,15.54697266,0.17
Coastal,3-15ZOOM372sel.15,12.79113985,8.753202009,9.077456111,12.79113985,4.037937841,9.474609375,0.078
Coastal,PR_21042017_77sel.01-02,20.28790273,8.218002629,18.53489227,20.28790273,12.0699001,8.61328125,0.743
Coastal,ZOOM0139sel.02,11.35021636,5.716286158,7.222165421,7.889183828,5.633930202,8.26875,0.91
Coastal,Cc 000_0017sel.25-02,20.65791906,8.367884814,11.17394101,20.65791906,12.29003425,8.484082031,0.357
Coastal,DR0000_0366.wavsel.36,14.56986872,9.402237937,13.97458852,14.56986872,5.167630783,9.75,0.305
Coastal,12-18ZOOM0093sel.46,14.192017,7.036937806,7.110451856,14.11846167,7.155079194,8.828613281,0.414
Coastal,2018_0128sel.14,18.71351184,6.195339938,7.397087092,18.71351184,12.5181719,6.375,0.8
Coastal,2018_0143sel.09_1,17.77453492,9.214213284,9.214213284,17.77453492,8.560321636,15.046875,1.045
Coastal,Cc 000_0017sel.30-01,20.65791906,7.576068571,8.367884814,20.65791906,13.08185049,8.570214844,0.465
Coastal,2018_0143sel.29_1,11.58281942,6.004511541,11.1095809,11.58281942,5.578307879,6.84375,0.573
Coastal,DR0000_0366.wavsel.28,15.83758132,9.802748197,15.83758132,12.72262297,6.034833123,13.03125,0.764
Coastal,2018_0241sel.06,12.33074169,6.595383532,7.874729536,12.33074169,5.735358158,6.9375,0.692
Coastal,3-15ZOOM372sel.25,20.31231596,5.989970114,6.084079592,20.10230953,14.32234585,8.182617188,0.397
Coastal,Cc 000_0017sel.17-01,19.39159848,5.62248761,6.154256526,19.39159848,13.76911087,7.23515625,0.522
Coastal,3-10ZOOM310sel.24,11.83199808,10.33672,10.39057296,11.83199808,1.49527808,11.24033203,0.173
Coastal,Cc 000_0017sel.09,19.5676341,8.144071298,14.52188285,8.144071298,11.4235628,12.14472656,1.03
Coastal,2018_0143sel.01_1,19.38937598,6.444655981,7.236921378,9.95468841,12.94472,8.34375,1.077
Coastal,2018_0128sel.42,12.4600089,3.874835614,4.256137544,7.712183274,8.585173286,3.9375,0.65
Coastal,3-15ZOOM372sel.04,20.31231596,11.2913897,11.2913897,20.31231596,9.02092626,11.84326172,0.073
Coastal,DR0000_0366.wavsel.05,19.95962424,13.43102429,13.82603536,19.95962424,6.52859995,15.375,0.747
Coastal,2018_0241sel.17,13.12695857,5.640307342,5.640307342,13.12695857,7.486651228,9.234375,0.431
Coastal,12-18ZOOM0095sel.01,9.967483969,5.716286158,5.74606726,9.762444338,4.251197811,8.871679688,0.523
Coastal,PR_21042017_77sel.04-02,15.62283983,14.59120906,14.59120906,15.62283983,1.03163077,15.24550781,0.042
Coastal,12-18ZOOM0093sel.13,17.1114534,6.509274044,6.543186509,17.1114534,10.60217936,9.603808594,0.483
Coastal,DR0000_0366.wavsel.06,18.51936724,10.11428773,11.34373261,18.51936724,8.40507951,10.171875,0.361
Coastal,Cc 000_0057sel.18-02,15.19050627,5.523882915,5.523882915,15.19050627,9.666623355,9.9375,0.656
Coastal,PR_21042017_77sel.07,21.2256353,7.373433546,16.63005022,21.2256353,13.85220175,7.881152344,0.697
Coastal,2018_0241sel.09,11.34373261,6.734391502,7.632172705,10.32746208,4.609341108,7.078125,0.433
Coastal,2018_0128sel.06,16.45238394,6.895614484,7.167334578,16.45238394,9.556769456,12.515625,0.632
Coastal,12-15ZOOM0100sel.39,18.98548843,6.964183809,16.50021839,18.98548843,12.02130462,8.527148438,2.048
Coastal,2018_0171sel.01,13.68613199,5.029005296,5.029005296,13.54414429,8.657126694,8.390625,0.579
Coastal,PR_21042017_77sel.29,12.24053321,7.15630959,7.662276514,12.24053321,5.08422362,9.043945313,0.53
Coastal,3-18ZOOM0093sel.32,15.62283983,6.303621174,6.427866927,15.62283983,9.319218656,8.010351563,0.865
Coastal,12-15ZOOM0100sel.28,21.06476653,1.80350289,1.812898904,20.63144635,19.26126364,7.795019531,0.835
Coastal,2018_0143sel.17_1,19.95962424,5.68393952,5.739124214,18.65430732,14.27568472,8.765625,1.302
Coastal,3-10ZOOM310sel.26,15.58351814,9.711846888,10.22984998,15.50275084,5.871671252,10.03447266,0.638
Coastal,12-18ZOOM0093sel.04,18.11803442,5.627865765,5.627865765,18.11803442,12.49016866,11.75712891,0.712
Coastal,12-18ZOOM0093sel.07,13.19622494,5.315199239,6.611542398,13.19622494,7.881025701,8.354882813,0.549
Coastal,PR_21042017_77sel.45,10.07007306,8.614269399,9.405110909,8.614269399,1.455803661,9.99140625,0.582
Coastal,Cc 000_0057sel.15-02,14.56986872,10.43572825,14.56986872,14.12108871,4.13414047,10.734375,0.182
Coastal,12-15ZOOM0091sel.05,12.60420603,9.875426251,10.4709519,12.60420603,2.728779779,9.905273438,0.225
Coastal,2018_0143sel.13_1,13.8296082,4.674961365,4.723970518,9.90551362,9.154646835,6.9375,0.837
Coastal,Cc 000_0030sel.01,13.43102429,7.522090591,7.595121675,13.43102429,5.908933699,8.484375,0.884
Coastal,2018_0241sel.05,17.76272263,6.131065964,8.210172011,13.26457278,11.63165667,6.375,0.958
Coastal,Cc 000_0020sel.01-01,10.57364074,6.55456159,10.36926035,10.57364074,4.01907915,6.632226563,0.236
Coastal,Cc 000_0030sel.02,12.59063126,7.874729536,8.471098143,11.70424591,4.715901724,8.0625,1.167
Coastal,3-10ZOOM314sel.11,14.26595555,4.942254844,4.942254844,11.95560555,9.323700706,14.12578125,0.782
Coastal,2018_0128sel.29,19.01829062,5.110830871,7.522090591,11.61893951,13.90745975,6.1875,1.052
Coastal,PR_21042017_77sel.04-3,15.47111429,7.086809108,14.44950249,7.086809108,8.384305182,8.484082031,1.365
Coastal,Cc 000_0057sel.03,16.00361188,6.195339938,8.040701713,16.00361188,9.808271942,6.46875,0.927
Coastal,12-15ZOOM0100sel.26,16.75945623,6.964183809,7.000466294,16.75945623,9.795272421,12.83378906,0.652
Coastal,DR0000_0366.wavsel.11,18.47493635,6.200333282,6.200333282,9.95468841,12.27460307,9.28125,1.109
Coastal,Cc 000_0012sel.04,10.99456607,4.567971399,4.987338525,10.99456607,6.426594671,4.995703125,0.528
Coastal,12-18ZOOM0093sel.03,18.59494077,7.412268632,7.412268632,18.49856566,11.18267214,11.49873047,0.7
Coastal,12-18ZOOM0093sel.35,14.71774687,6.179667641,6.179667641,14.71774687,8.538079229,9.043945313,0.841
Coastal,ZOOM0139sel.10,13.23449647,6.815491675,6.815491675,13.23449647,6.419004795,8.397949219,0.279
Coastal,Cc 000_0017sel.13,16.93335364,9.411024577,10.58420205,16.93335364,7.522329063,10.42207031,0.601
Coastal,12-15ZOOM0100sel.34-2,18.08571848,3.579016762,3.579016762,18.08571848,14.50670172,7.967285156,0.802
Coastal,Cc 000_0017sel.27,15.77605334,6.121740958,7.587862194,15.47111429,9.654312382,7.149023438,0.389
Coastal,2018_0143sel.22_1,9.304693781,7.169242569,8.210172011,7.169242569,2.135451212,8.90625,0.266
Coastal,12-15ZOOM0100sel.21-1,20.41814047,4.47761763,5.627865765,20.10230953,15.94052284,7.751953125,0.748
Coastal,2018_0128sel.09,19.20293695,5.521548858,5.57515692,19.20293695,13.68138809,5.4375,0.684
Coastal,DR0000_0366.wavsel.64,14.72260943,9.50080468,14.72260943,14.26912471,5.22180475,9.75,0.275
Coastal,ZOOM0072sel.06,14.7944244,7.335634137,7.335634137,14.7944244,7.458790263,9.603808594,0.733
Coastal,3-15ZOOM372sel.20,16.24499047,12.52801521,13.90007513,15.74631729,3.71697526,12.36005859,0.067
Coastal,3-15ZOOM372sel.32,13.19622494,10.94477742,11.95560555,12.85778001,2.25144752,12.05859375,0.163
Coastal,3-9ZOOM294sel.03,19.79136392,5.776003518,5.776003518,19.79136392,14.0153604,13.43671875,0.888
Coastal,12-15ZOOM0100sel.2-43,21.73187071,3.312499831,4.185133682,21.73187071,18.41937088,5.641699219,0.821
Coastal,ZOOM0139sel.16,13.61413875,6.276757491,10.88805209,7.607375777,7.337381259,11.80019531,0.605
Coastal,Cc 000_0057sel.12,17.21559658,6.131065964,8.383214161,17.21559658,11.08453062,7.734375,0.957
Coastal,2018_0143sel.05_1,13.8296082,5.466575017,5.466575017,6.804990336,8.363033183,6.1875,0.693
Coastal,PR_19042017_58sel.02,8.365719377,6.303621174,6.365440917,8.365719377,2.062098203,6.933691406,0.205
Coastal,12-15ZOOM0100sel.22-1,20.73893348,6.052546617,6.084079592,20.73893348,14.68638686,7.450488281,0.553
Coastal,2018_0207sel.09,21.35627943,5.57515692,6.570404269,21.35627943,15.78112251,7.078125,0.508
Coastal,Cc 000_0012sel.06,15.62283983,5.135515035,13.23449647,15.62283983,10.4873248,5.340234375,0.569
Coastal,2018_0128sel.01_1,13.26457278,6.067458804,6.195339938,9.50080468,7.197113976,9.84375,0.743
Coastal,DR0000_0366.wavsel.53,19.57762513,8.528818076,9.764169689,19.57762513,11.04880705,10.21875,0.472
Coastal,Cc 000_0017sel.20,20.28790273,8.675899819,8.754659053,20.28790273,11.61200291,10.80966797,0.514
Coastal,Cc 000_0057sel.04,15.37643307,5.31222198,5.415874187,15.37643307,10.06421109,7.265625,0.551
Coastal,PR_21042017_77sel.04-02,12.24053321,11.10239,11.10239,12.24053321,1.13814321,11.11113281,0.071
Coastal,DR0000_0366.wavsel.50,17.57844206,4.391401154,4.391401154,17.57844206,13.18704091,7.125,0.378
Coastal,ZOOM0314sel.17,17.05711007,9.405110909,9.405110909,17.05711007,7.651999161,12.27392578,0.305
Coastal,3-10ZOOM310sel.31,11.4093495,9.813305395,9.813305395,11.2913897,1.596044105,11.06806641,0.15
Coastal,DR0000_0366.wavsel.30,9.70104892,9.018091299,9.208161604,9.208161604,0.682957621,9.5625,0.083
Coastal,2018_0143sel.11_1,10.14892454,7.030161885,7.030161885,9.858968852,3.118762655,8.8125,0.526
Coastal,3-10ZOOM310sel.20,21.28482763,5.866751329,6.276757491,21.28482763,15.4180763,14.25498047,0.569
Coastal,12-18ZOOM0093sel.23-1,17.83778188,3.752474204,3.911755174,17.83778188,14.08530768,7.149023438,0.786
Coastal,12-15ZOOM0100sel.37,17.93071439,4.865807286,4.865807286,17.93071439,13.0649071,12.83378906,0.188
Coastal,3-10ZOOM310sel.15,12.20670793,8.937044625,8.937044625,11.35021636,3.269663305,11.62792969,0.469
Coastal,3-18ZOOM0093sel.39,11.65758009,5.288093948,5.288093948,11.65758009,6.369486142,6.890625,0.455
Coastal,Cc 000_0012sel.20,13.49535129,8.204016419,12.97868377,8.204016419,5.291334871,11.45566406,0.511
Coastal,3-18ZOOM0093sel.26,21.61275425,4.365526825,4.365526825,21.61275425,17.24722743,9.173144531,0.905
Coastal,12-15ZOOM0100sel.34-1,18.99011939,6.003412387,16.24476837,18.99011939,12.986707,12.10166016,2.067
Coastal,2018_0128sel.12,14.72260943,5.942217328,5.942217328,14.72260943,8.780392102,9.1875,0.711
Coastal,2018_0207sel.01,13.12695857,7.021258619,7.874729536,13.12695857,6.105699951,8.34375,0.643
Coastal,12-15ZOOM0100sel.12,17.93071439,9.413721901,10.55382108,17.93071439,8.516992489,10.3359375,0.819
Coastal,3-18ZOOM0093sel.12-1,13.89630544,9.31377057,9.31377057,13.89630544,4.58253487,11.24033203,0.517
Coastal,DR0000_0366.wavsel.14,16.61211818,7.030161885,7.307183788,16.61211818,9.581956295,8.484375,0.937
Coastal,ZOOM0071sel.03,14.04528756,3.562462305,3.562462305,14.04528756,10.48282526,8.397949219,0.7
Coastal,12-18ZOOM0093sel.05,16.6725942,3.364543101,3.364543101,16.6725942,13.3080511,12.57539063,0.737
Coastal,DR0000_0366.wavsel.09,20.34907692,6.023189204,6.023189204,20.34907692,14.32588772,8.578125,0.261
Coastal,12-15ZOOM0091sel.04,13.49535129,9.972274759,10.26855641,13.49535129,3.523076531,10.37900391,0.395
Coastal,Cc 000_0017sel.22,19.21714651,6.380789681,6.675717865,19.21714651,12.83635683,8.527148438,0.383
Coastal,Cc 000_0020sel.03,9.31377057,5.392323437,9.31377057,5.830194182,3.921447133,5.727832031,0.549
Coastal,Cc 000_0017sel.10,19.74526777,10.58420205,10.68028472,19.74526777,9.16106572,11.24033203,0.468
Coastal,12-18ZOOM0093sel.30,16.32962475,3.993913372,3.993913372,16.32962475,12.33571138,6.115429688,0.888
Coastal,Cc 000_0055sel.08,14.72260943,8.559903442,10.11428773,10.76738442,6.162705988,11.203125,0.94
Coastal,2018_0143sel.28_1,14.51037194,6.081667633,8.950962384,14.51037194,8.428704307,6.796875,0.688
Coastal,2018_0128sel.51,18.13709965,10.00935637,17.21559658,18.13709965,8.12774328,12,0.822
Coastal,12-17ZOOM0096sel.02,16.89145522,9.497347025,9.497347025,16.89145522,7.394108195,11.28339844,0.425
Coastal,12-15ZOOM0100sel.68,21.28482763,3.417404031,3.63728434,21.28482763,17.8674236,8.570214844,0.7
Coastal,2018_0154sel.10-01,19.95962424,5.415874187,5.965273076,5.521548858,14.54375005,5.90625,1.086
Coastal,DR0000_0366.wavsel.61,13.1739734,11.28698537,11.28698537,13.1739734,1.88698803,11.671875,0.023
Coastal,ZOOM0139sel.11,17.39330944,16.89145522,17.2243895,17.39330944,0.50185422,17.26962891,0.109
Coastal,2018_0207sel.12,18.71351184,8.471098143,16.3409129,9.304693781,10.2424137,11.671875,0.927
Coastal,2018_0143sel.34-01,12.72262297,8.383214161,10.65567746,12.72262297,4.339408809,9.703125,0.853
Coastal,DR0000_0366.wavsel.35,15.83758132,9.50080468,15.34975332,15.83758132,6.33677664,9.703125,0.51
Coastal,3-10ZOOM314sel.19,15.1051502,7.297614522,11.58860381,15.1051502,7.807535678,9.431542969,0.691
Coastal,2018_0143sel.33_1,12.59063126,5.523882915,5.523882915,12.59063126,7.066748345,6.234375,0.759
Coastal,PR_19042017_58sel.04,9.133742507,6.003412387,7.737420617,9.045037637,3.13033012,6.589160156,0.423
Coastal,3-18ZOOM0093sel.47,19.95750005,5.009706627,5.38774096,19.95750005,14.94779342,8.290283203,0.944
Coastal,ZOOM0254sel.06,21.1745112,6.856460743,7.607375777,21.1745112,14.31805046,7.105957031,0.467
Coastal,PR_10042018_274sel.03,19.3082429,11.70424591,12.20281557,19.3082429,7.60399699,14.15625,0.538
Coastal,DR0000_0366.wavsel.49,19.57762513,15.37643307,17.60362343,19.57762513,4.20119206,16.078125,0.436
Coastal,2018_0143sel.25_1,20.74612861,5.907913843,5.907913843,20.74612861,14.83821477,10.96875,0.806
Coastal,ZOOM0254sel.10,17.56186433,8.353264964,9.561622548,17.56186433,9.208599366,9.474609375,0.344
Coastal,12-15ZOOM0100sel.72,17.38029446,7.76715272,8.353264964,17.38029446,9.61314174,8.139550781,0.793
Coastal,3-18ZOOM431sel.05,21.61923732,4.790542231,4.790542231,21.61923732,16.82869509,14.64257813,0.362
Coastal,PR_21042017_77sel.37,10.78204951,7.44119462,8.045439055,10.78204951,3.34085489,7.5796875,0.859
Coastal,3-15ZOOM372sel.12,11.77067441,9.172287213,9.364931833,11.77067441,2.598387197,9.689941406,0.08
Coastal,3-15ZOOM372sel.06,10.22984998,3.63728434,3.63728434,10.22984998,6.59256564,7.278222656,0.06
Coastal,2018_0143sel.15_1,20.54664369,6.507226381,6.507226381,20.54664369,14.03941731,8.203125,0.386
Coastal,Cc 000_0017sel.21,21.41832019,7.576068571,8.144071298,21.41832019,13.84225162,9.216210938,0.404
Coastal,Cc 000_0017sel.30-02,21.61275425,10.02558836,15.0564215,21.61275425,11.58716589,11.19726563,0.774
Coastal,DR0000_0366.wavsel.37,12.33074169,9.304693781,9.90551362,12.33074169,3.026047909,12.046875,0.42
Coastal,2018_0241sel.12,15.51066982,6.526959278,8.831944331,15.51066982,8.983710542,8.390625,0.87
Coastal,12-15ZOOM0100sel.06,17.1114534,7.489703719,7.971601191,17.1114534,9.621749681,14.4703125,0.198
Coastal,3-9ZOOM294sel.01,14.87150142,6.509274044,7.528724094,14.87150142,8.362227376,8.397949219,0.093
Coastal,3-10ZOOM0310sel.42-2,16.0870028,9.133742507,15.77605334,9.133742507,6.953260293,14.55644531,0.441
Coastal,DR0000_0366.wavsel.38-01,16.17138299,10.65567746,13.54414429,16.17138299,5.51570553,13.078125,0.382
Coastal,2018_0154sel.12,17.26671486,4.822968794,4.822968794,6.634195543,12.44374607,6.515625,1.261
Coastal,12-15ZOOM0091sel.03,15.77605334,9.972274759,11.21127137,15.77605334,5.803778581,9.99140625,0.37
Coastal,PR_21042017_77sel.28,13.89630544,5.288093948,9.045037637,13.89630544,8.608211492,5.469433594,0.586
Coastal,3-10ZOOM314sel.3,16.41469995,5.74606726,5.74606726,9.462766159,10.66863269,7.795019531,0.757
Coastal,12-17ZOOM0091sel.13.,13.61413875,4.891157505,5.046056522,13.61413875,8.722981245,8.354882813,0.828
Coastal,12-17ZOOM0091sel.08,17.29021471,5.928040581,5.928040581,17.29021471,11.36217413,9.99140625,0.441
Coastal,DR0000_0366.wavsel.54-01,11.34373261,9.112630907,11.34373261,10.00935637,2.231101703,9.28125,0.45
Coastal,3-10ZOOM310sel.02,18.02413106,11.00179828,13.40355316,18.02413106,7.02233278,12.10166016,0.406
Coastal,Cc 000_0057sel.21-03,16.17138299,9.018091299,10.11428773,16.17138299,7.153291691,9.796875,0.187
Coastal,3-10ZOOM314sel.10,14.71774687,3.871312039,4.916639794,3.871312039,10.84643483,6.2015625,0.798
Coastal,Cc 000_0017sel.12,17.08707348,9.326360504,10.48898376,17.08707348,7.760712976,10.42207031,0.595
Coastal,PR_21042017_77sel.08,21.41832019,5.277831801,6.797471438,20.47207494,16.14048839,7.92421875,1.031
Coastal,12-17ZOOM0096sel.01,16.89145522,8.124340841,8.124340841,16.89145522,8.767114379,14.59951172,0.681
Coastal,3-15ZOOM372sel.03,20.52451631,7.184733899,7.184733899,20.52451631,13.33978241,14.08271484,0.343
Coastal,12-18ZOOM0093sel.23-2,13.12783066,5.342890731,8.309971103,7.647009208,7.784939929,8.828613281,0.766
Coastal,12-15ZOOM0100sel.62,21.73187071,3.032433045,3.064112511,21.73187071,18.69943767,5.770898438,0.673
Coastal,3-15ZOOM372sel.17,13.75636404,8.753202009,8.937044625,13.75636404,5.003162031,9.345410156,0.215
Coastal,12-18ZOOM0100sel.01,13.16212991,7.2079076,7.497522832,13.16212991,5.95422231,7.472021484,0.791
Coastal,ZOOM0254sel.24,20.31231596,18.69181797,20.31231596,18.69181797,1.62049799,19.29375,0.29
Coastal,3-15ZOOM372sel.34,11.95560555,5.072345815,5.072345815,11.95560555,6.883259735,7.192089844,0.526
Coastal,PR_19042017_58sel.01,12.4817968,5.288093948,6.815491675,12.36057637,7.193702852,7.364355469,0.614
Coastal,3-10ZOOM314sel.24,16.58618237,6.052546617,8.844645667,6.441975495,10.53363575,15.07324219,1.853
Coastal,3-15ZOOM372sel.37,10.83162077,5.098772073,5.098772073,10.83162077,5.732848697,7.838085938,0.358
Coastal,12-15ZOOM0100sel.57,16.24499047,4.141864121,4.141864121,16.0770356,12.10312635,7.450488281,0.688
Coastal,PR_10042018_274sel.01,17.76272263,6.6645251,7.32034551,17.76272263,11.09819753,7.265625,0.162
Coastal,3-10ZOOM314sel.20-02,15.34246988,4.815500328,6.11577685,9.124748469,10.52696955,9.216210938,0.848
Coastal,2018_0171sel.04,13.04729872,5.415874187,5.68393952,13.04729872,7.631424533,6.234375,0.534
Coastal,Cc 000_0030sel.03.,17.77453492,7.818496832,7.818496832,17.77453492,9.956038088,14.71875,0.952
Coastal,12-15ZOOM0100sel.47,18.40269006,2.363020662,2.363020662,18.30731136,16.0396694,9.345410156,1.344
Coastal,ZOOM0254sel.14,21.06476653,8.224055377,8.707835328,21.06476653,12.84071115,10.59433594,0.285
Coastal,2018_0154sel.16,14.937127,7.522090591,8.205482919,12.31242359,7.415036409,7.6875,1.154
Coastal,2018_0143sel.30_1,15.83758132,9.402237937,13.54414429,15.83758132,6.435343383,11.296875,0.428
Coastal,ZOOM0254sel.20,14.192017,5.398707273,5.398707273,13.90007513,8.793309727,9.431542969,0.565
Coastal,3-10ZOOM310sel.06,14.7944244,8.181431193,8.309971103,14.7944244,6.612993207,9.000878906,0.252
Coastal,3-15ZOOM372sel.01,13.19622494,8.707835328,9.220073628,13.19622494,4.488389612,9.603808594,0.043
Coastal,12-17ZOOM0096sel.05,14.30917214,8.447762159,8.447762159,14.30917214,5.861409981,9.689941406,0.396
Coastal,ZOOM072sel.03,17.20060183,5.627865765,5.657186209,17.20060183,11.57273607,8.914746094,0.845
Coastal,3-10ZOOM0310sel.16,19.55432605,5.552532266,5.606986065,19.55432605,14.00179378,10.12060547,0.269
Coastal,Cc 000_0020sel.01-02,8.204016419,5.445206064,8.204016419,7.44119462,2.758810355,5.813964844,0.469
Coastal,PR_18042017_47sel.02,11.37773441,5.57190622,11.37773441,5.57190622,5.80582819,6.761425781,0.755
Coastal,12-15ZOOM0100sel.22-2,17.83778188,4.916639794,4.942254844,17.74533103,12.92114209,8.311816406,0.654
Coastal,12-15ZOOM0100sel.15/14,14.4900905,12.52801521,14.26595555,12.59328453,1.96207529,13.91044922,0.137
Coastal,12-15ZOOM0100sel.49,19.28377279,4.05666245,4.340168007,19.28377279,15.22711034,4.866503906,1.245
Coastal,2018_0143sel.14_1,6.526959278,4.925199063,4.976831539,5.880569392,1.601760215,6.375,0.393
Coastal,12-15ZOOM0100sel.1-56,18.88708917,7.489703719,8.266901629,18.88708917,11.39738545,8.311816406,0.903
Coastal,3-12ZOOM0350,15.99371047,6.179667641,9.220073628,9.661511678,9.814042829,14.94404297,0.256
Coastal,2018_0154sel.06,20.34907692,5.794844689,6.507226381,20.34907692,14.55423223,6.28125,0.549
Coastal,DR0000_0366.wavsel.66,10.9943238,6.948416095,7.79303262,10.88026244,4.045907705,8.859375,0.621
Coastal,3-10ZOOM310sel.37,11.89364124,9.030408864,9.030408864,11.83199808,2.863232376,10.68046875,0.153
Coastal,Cc 000_0012sel.05,17.08707348,5.829446786,7.373433546,17.08707348,11.25762669,6.115429688,0.331
Coastal,PR_21042017_77sel.23,14.65371153,3.420341927,3.482723061,5.422875975,11.2333696,9.130078125,0.95
Coastal,3-18ZOOM0093sel.12-2,17.91007402,5.830194182,5.887371016,17.39330944,12.07987984,8.26875,0.724
Coastal,3-10ZOOM310sel.23,12.01789269,10.07161308,10.07161308,11.83199808,1.94627961,11.49873047,0.155
Coastal,3-18ZOOM0431sel.04,16.24476837,8.784058534,8.870203976,16.24476837,7.460709836,11.28339844,0.129
Coastal,Cc 000_0017sel.25-01,19.5676341,6.797471438,7.047680809,19.5676341,12.77016266,8.096484375,0.757
Coastal,12-18ZOOM0093sel.38,17.47084352,4.691996699,4.691996699,17.47084352,12.77884682,7.536621094,0.698
Coastal,12-15ZOOM0100sel.42,20.84698061,6.309458575,12.46308418,20.84698061,14.53752204,8.9578125,1.171
Coastal,PR_21022018_118sel.03,8.383214161,5.188831289,5.243227509,8.383214161,3.194382872,6.46875,0.326
Coastal,2018_0128sel.38,19.20293695,2.183876119,2.183876119,8.611623357,17.01906083,1.96875,1.865
Coastal,2018_0241sel.03,18.1637763,5.783576991,7.315291044,14.14451783,12.38019931,5.8125,0.93
Coastal,Cc 000_0030sel.15,14.937127,5.261142175,5.363797712,9.485206485,9.675984825,6,1.019
Coastal,DR0000_0366.wavsel.54-02,19.95962424,9.485206485,9.485206485,19.95962424,10.47441776,10.03125,0.288
Coastal,ZOOM0139sel.07,20.31231596,5.455106924,6.856460743,19.58674355,14.85720904,11.7140625,0.595
Coastal,PR_21042017_79sel.01-02,14.59120906,9.31377057,9.31377057,14.59120906,5.27743849,10.50820313,0.296
Coastal,3-9ZOOM294sel.07,21.28482763,6.375372736,6.375372736,21.28482763,14.90945489,12.36005859,0.748
Coastal,ZOOM0072sel.02,13.26497554,5.426833831,6.856460743,13.12783066,7.838141709,8.61328125,0.879
Coastal,3-15ZOOM372sel.22,12.65889389,5.776003518,12.65889389,5.776003518,6.882890372,10.68046875,0.96
Coastal,PR_21042017_77sel.22,19.92451398,7.854937466,11.79653952,19.92451398,12.06957651,8.053417969,0.751
Coastal,3-10ZOOM314sel.16,13.75636404,11.83199808,13.19622494,13.75636404,1.92436596,11.92939453,0.177
Coastal,12-17ZOOM0091sel.15,13.19622494,5.098772073,5.098772073,13.19622494,8.097452867,7.278222656,0.792
Coastal,3-15ZOOM372sel.30,12.01789269,7.971601191,8.844645667,12.01789269,4.046291499,8.397949219,0.207
Coastal,PR_21042017_77sel.04-02,14.44950249,13.62770048,13.76134762,14.44950249,0.82180201,13.78125,0.043
Coastal,12-17ZOOM0091sel.01,15.02686222,5.80609574,5.80609574,15.02686222,9.22076648,10.29287109,0.393
Coastal,3-15ZOOM372sel.31,12.65889389,4.547966272,5.342890731,12.65889389,8.110927618,4.47890625,0.228
Coastal,12-18ZOOM0093sel.59,15.99371047,5.776003518,5.866751329,15.99371047,10.21770695,6.976757813,0.596
Coastal,12-14ZOOM0098sel.02,11.46879072,7.184733899,7.184733899,11.46879072,4.284056821,7.795019531,0.305
Coastal,3-10ZOOM0310sel.46_1,12.60420603,9.223317308,11.21127137,12.60420603,3.380888722,9.474609375,0.208
Coastal,DR0000_0366.wavsel.17,12.33074169,6.876329281,7.169242569,12.07621663,5.454412409,7.3125,0.215
Coastal,DR0000_0366.wavsel.68,18.12135208,6.321314339,6.321314339,17.60362343,11.80003774,12.46875,0.412
Coastal,DR0000_0366.wavsel.38-02,13.26457278,8.296241936,8.383214161,13.26457278,4.968330844,11.296875,0.438
Coastal,2018_0241sel.07,11.34373261,6.804990336,9.018091299,11.34373261,4.538742274,7.40625,0.529
Coastal,3-18ZOOM0093sel.34,14.16117409,8.343636752,14.16117409,12.37203818,5.817537338,11.92939453,0.476
Coastal,3-10ZOOM310sel.48,21.61923732,7.37385183,7.37385183,21.61923732,14.24538549,15.71923828,0.265
Coastal,Cc 000_0030sel.11,10.85908561,8.285148978,8.44680901,10.85908561,2.573936632,8.34375,0.384
Coastal,PR_21042017_77sel.11-03,8.784058534,8.698749716,8.698749716,8.784058534,0.085308818,8.699414063,0.085
Coastal,3-18ZOOM0093sel.10,11.56411086,5.113521676,5.113521676,11.56411086,6.450589184,8.720947266,0.702
Coastal,2018_0128sel.07,18.71351184,7.32034551,9.018091299,13.97458852,11.39316633,9.046875,0.636
Coastal,Cc 000_0030sel.13,12.79759179,6.260531582,11.39656937,12.67453623,6.537060208,7.265625,0.697
Coastal,2018_0143sel.08_1,12.92184209,6.962563186,6.962563186,12.79759179,5.959278904,7.734375,0.751
Coastal,Cc 000_0030sel.10,13.82603536,5.68393952,5.68393952,9.214213284,8.14209584,6.1875,0.895
Coastal,3-10ZOOM310sel.01-1,17.29021471,6.276757491,6.276757491,17.29021471,11.01345722,12.05859375,0.638
Coastal,PR_18042017_49sel.01,21.80895338,8.995252604,17.39871221,13.26709507,12.81370078,17.95869141,1.177
Coastal,12-14ZOOM0098sel.03,15.17206948,6.683753433,6.74930114,15.17206948,8.488316047,7.622753906,0.849
Coastal,3-15ZOOM372sel.23,10.83162077,6.408587593,6.475537343,10.83162077,4.423033177,7.321289063,0.205
Coastal,3-15ZOOM372sel.16,11.23286793,9.030408864,10.12408487,11.23286793,2.202459066,9.603808594,0.1
Coastal,Cc 000_0017sel.18,18.20290274,5.935765835,5.989650317,18.20290274,12.26713691,6.933691406,0.412
Coastal,ZOOM0139sel.12,17.56186433,14.7944244,14.7944244,17.56186433,2.76743993,16.58056641,0.099
Coastal,Cc 000_0055sel.05,19.57762513,7.894405689,15.22858059,19.57762513,11.68321944,12.28125,0.549
Coastal,12-18ZOOM0093sel.25,10.49912203,4.741013429,6.543186509,6.820924619,5.758108601,8.311816406,0.844
Coastal,2018_0241sel.08,17.39607332,6.392233022,8.740316725,11.46265267,11.0038403,6.84375,0.961
Coastal,3-15ZOOM372sel.28,9.711846888,8.309971103,9.711846888,9.661511678,1.401875785,8.742480469,0.145
Coastal,Cc 000_0017sel.05,16.40408114,10.88778929,10.88778929,16.40408114,5.51629185,12.87685547,0.447
Coastal,PR_21042017_77sel.04-01,17.55665655,6.380789681,6.380789681,17.55665655,11.17586687,8.354882813,0.514
Coastal,3-18ZOOM0093sel.50,19.5169539,7.842787844,7.842787844,19.5169539,11.67416606,8.118017578,0.683
Coastal,12-15ZOOM0100sel.35,19.99812194,6.785572674,13.54357848,19.99812194,13.21254927,7.5796875,0.76
Coastal,2018_0128sel.49,18.13709965,6.595383532,9.402237937,18.13709965,11.54171612,6.984375,0.491
Coastal,12-15ZOOM0100sel.13,20.95559065,2.690829087,2.690829087,20.95559065,18.26476156,4.349707031,1.207
Coastal,Cc 000_0030sel.05,13.43102429,6.260531582,6.260531582,13.43102429,7.170492708,6.796875,0.296
Coastal,2018_0128sel.24-02,16.51222004,5.759185595,6.067458804,16.51222004,10.75303445,6.65625,0.493
Coastal,12-15ZOOM0100sel.33,16.75945623,3.871312039,3.871312039,16.75945623,12.88814419,7.967285156,0.983
Coastal,ZOOM0254sel.16,12.12165588,5.773572636,5.773572636,10.78204951,6.348083244,6.115429688,0.45
Coastal,Cc 000_0017sel.15,18.20290274,5.57190622,6.04402396,18.20290274,12.63099652,5.770898438,0.628
Coastal,Cc 000_0030sel.04,12.72262297,7.874729536,8.649639716,12.59063126,4.847893434,8.53125,1.545
Coastal,DR0000_0366.wavsel.12,11.1095809,9.402237937,10.65567746,11.1095809,1.707342963,9.703125,0.064
Coastal,2018_0154sel.01,15.98233786,7.894405689,11.61893951,15.98233786,8.087932171,8.015625,0.55
Coastal,12-18ZOOM0093sel.55,13.82803289,7.036937806,7.37385183,13.75636404,6.791095084,7.192089844,0.837
Coastal,2018_0241sel.16,17.0369922,4.437437652,5.523882915,4.437437652,12.59955455,6.75,0.759
Coastal,12-15ZOOM0091sel.06,12.36057637,10.67733665,11.88735354,12.36057637,1.68323972,11.24033203,0.284
Coastal,12-15ZOOM0100sel.18,18.02413106,6.342330027,10.88805209,18.02413106,11.68180103,6.54609375,1.583
Coastal,Cc 000_0017sel.29,21.61275425,5.989650317,6.266499544,21.61275425,15.62310393,6.718359375,0.413
Coastal,sel.28.ch01-02.210915.131541.89._1,10.88026244,6.6645251,10.88026244,9.50080468,4.21573734,7.453125,0.305
Coastal,ZOOM0254sel.03,17.73613537,7.967303545,8.698749716,17.73613537,9.768831825,11.19726563,0.357
Coastal,3-10ZOOM310sel.13,10.83162077,9.711846888,9.711846888,10.60880511,1.119773882,10.72353516,0.271
Coastal,3-18ZOOM0093sel.44,14.56530827,7.289493922,8.438078395,14.56530827,7.275814348,7.493554688,0.668
Coastal,2018_0128sel.03,21.35627943,5.31222198,5.31222198,21.35627943,16.04405745,6.421875,0.633
Coastal,PR_21042017_77sel.18-02,15.32086228,8.284473376,11.65758009,8.365719377,7.036388904,11.7140625,0.467
Coastal,12-11ZOOM0073sel.11,10.99456607,6.949826507,6.949826507,10.99456607,4.044739563,8.441015625,0.653
Coastal,DR0000_0366.wavsel.07,16.51222004,13.40362964,15.67327326,16.51222004,3.1085904,14.390625,0.287
Coastal,3-10ZOOM314sel.01,20.63144635,9.813305395,12.14344218,20.63144635,10.81814096,10.37900391,0.378
Coastal,3-10ZOOM310sel.32,20.10230953,17.38029446,17.38029446,20.10230953,2.72201507,18.43242188,0.136
Coastal,12-15ZOOM0100sel.38,21.1745112,4.454410734,5.098772073,21.1745112,16.72010047,8.26875,0.582
Coastal,ZOOM0139sel.14,12.99210371,5.657186209,5.686659408,7.56794776,7.334917501,11.36953125,0.377
Coastal,PR_21042017_77sel.34,11.21127137,6.181776997,6.303621174,11.21127137,5.029494373,6.675292969,0.916
Coastal,PR_21042017_77sel.04-02,10.88778929,9.045037637,9.045037637,10.88778929,1.842751653,8.9578125,0.092
Coastal,ZOOM0072sel.01,15.91081719,7.110451856,7.726896601,15.91081719,8.800365334,9.345410156,0.885
Coastal,ZOOM0071sel.02,13.40355316,7.184733899,7.222165421,13.05979086,6.218819261,11.11113281,1.686
Coastal,ZOOM0139sel.08,19.48522806,5.716286158,5.716286158,19.38423872,13.7689419,17.52802734,0.523
Coastal,12-17ZOOM0091sel.04,9.611437349,7.930285442,7.930285442,9.611437349,1.681151907,8.182617188,0.212
Coastal,Cc 000_0017sel.32,19.74526777,8.754659053,19.74526777,19.21714651,10.99060872,8.914746094,0.645
Coastal,12-18ZOOM0093sel.42,15.58351814,4.454410734,4.454410734,15.58351814,11.12910741,8.656347656,0.891
Coastal,DR0000_0366.wavsel.32,12.99077204,7.474633181,7.474633181,12.99077204,5.516138859,8.90625,0.197
Coastal,Cc 000_0057sel.01,18.83541977,8.695232585,9.037866214,18.83541977,10.14018719,9.28125,1.342
Coastal,3-18ZOOM0093sel.06,15.1505454,4.646978652,4.646978652,15.1505454,10.50356675,9.410009766,0.57
Coastal,2018_0207sel.10-02,16.45238394,7.743317878,8.779653566,11.07096836,8.709066062,8.671875,0.766
Coastal,3-18ZOOM0431sel.01,17.91007402,5.887371016,5.887371016,17.91007402,12.022703,11.58486328,0.204
Coastal,12-15ZOOM0100sel.17,14.41499029,3.772024103,3.83128704,9.462766159,10.64296619,9.259277344,1.083
Coastal,12-15ZOOM0100sel.14/13,15.82835354,13.26497554,15.1051502,15.82835354,2.563378,13.39365234,0.147
Coastal,PR_21042017_77sel.19,17.05711007,7.297362018,8.447762159,17.05711007,9.759748052,7.536621094,0.879
Coastal,PR_21042017_77sel.10,21.61275425,6.736319583,6.736319583,20.65791906,14.87643467,9.862207031,0.922
Coastal,3-10ZOOM310sel.28,15.02686222,12.46308418,12.46308418,15.02686222,2.56377804,13.99658203,0.097
Coastal,Cc 000_0017sel.30-03,21.03468385,5.882366111,8.520500592,21.03468385,15.15231774,6.029296875,0.599
Coastal,12-15ZOOM0100sel.19,15.91081719,3.096122929,3.417404031,15.91081719,12.81469426,7.23515625,1.035
Coastal,3-10ZOOM310sel.12,19.28377279,8.937044625,8.937044625,19.28377279,10.34672817,12.66152344,0.255
Coastal,DR0000_0366.wavsel.20,13.12695857,10.11428773,10.22031913,13.12695857,3.01267084,10.828125,0.28
Coastal,2018_0128sel.35,15.67327326,8.559903442,9.112630907,15.67327326,7.113369818,8.859375,0.821
Coastal,2018_0143sel.12_1,9.304693781,7.79303262,9.304693781,7.874729536,1.511661161,8.0625,0.695
Coastal,PR_21042017_79sel.01-01,18.80569158,10.26855641,11.77190622,18.80569158,8.53713517,12.61845703,0.22
Coastal,2018_0128sel.22,13.40362964,4.626460661,4.925199063,4.723970518,8.777168979,6.140625,0.668
Coastal,Cc 000_0030sel.01,13.43102429,8.950962384,13.1739734,13.43102429,4.480061906,9.09375,0.48
Coastal,Cc 000_0055sel.02,21.56362501,6.634195543,10.85908561,15.22858059,14.92942947,11.53125,1.162
Coastal,2018_0128sel.20,21.35627943,7.595121675,8.695232585,21.35627943,13.76115776,8.015625,0.415
Coastal,ZOOM0072sel.05,16.32962475,4.619420173,4.619420173,16.32962475,11.71020458,9.216210938,1.044
Coastal,2018_0241sel.13,17.76272263,5.581791591,5.581791591,17.76272263,12.18093104,9.375,0.929
Coastal,ZOOM0288,15.99371047,11.52854162,13.40355316,15.99371047,4.46516885,13.91044922,0.114
Coastal,12-17ZOOM0091sel.04,8.054879557,5.398707273,5.598697286,8.013132188,2.656172284,7.493554688,0.319
Coastal,ZOOM0139sel.05,17.83778188,3.675282616,3.675282616,17.74533103,14.16249926,12.23085938,1.459
Coastal,12-15ZOOM0100sel.2-56,21.61923732,9.124748469,9.316394637,21.61923732,12.49448885,11.41259766,0.561
Coastal,12-15ZOOM0100sel.24-2,21.39571879,6.820924619,11.89364124,21.39571879,14.57479417,12.23085938,0.808
Coastal,Cc 000_0012sel.19,15.62283983,7.017983598,7.017983598,13.62770048,8.604856232,8.570214844,1.183
Coastal,3-15ZOOM372sel.18,13.68506663,9.967483969,10.17683003,13.61413875,3.717582661,10.20673828,0.129
Coastal,12-18ZOOM0093sel.01,14.87150142,7.848295238,7.848295238,14.87150142,7.023206182,7.92421875,0.616
Coastal,Cc 000_0030sel.06,12.8559984,7.397087092,7.397087092,12.8559984,5.458911308,8.109375,0.593
Coastal,3-18ZOOM0093sel.57,17.63674877,7.976322743,7.976322743,17.4393527,9.660426027,13.82431641,0.589
Coastal,Cc 000_0017sel.01-02,18.44219195,7.15630959,8.447762159,12.00393306,11.28588236,8.9578125,0.672
Coastal,2018_0128sel.23,13.8296082,7.474633181,7.474633181,13.8296082,6.354975019,8.625,0.274
Coastal,2018_0128sel.48,16.17138299,7.397087092,12.72262297,16.17138299,8.774295898,8.953125,0.638
Coastal,2018_0128sel.16,20.34907692,10.24745924,19.57762513,20.34907692,10.10161768,12.609375,0.818
Coastal,PR_21042017_77sel.04-02,7.226491666,4.658007114,5.661973892,7.226491666,2.568484552,4.8234375,0.063
Coastal,PR_21042017_77sel.44,13.23449647,5.445206064,5.445206064,9.405110909,7.789290406,5.943164063,1.075
Coastal,12-18ZOOM0100sel.02,15.2629519,8.139027923,8.181431193,15.2629519,7.123923977,10.55126953,0.725
Coastal,2018_0171sel.02,17.76272263,7.79303262,7.79303262,17.76272263,9.96969001,10.171875,0.441
Coastal,2018_0128sel.47,17.94710576,5.521548858,5.521548858,17.94710576,12.4255569,9.28125,0.575
Coastal,Cc 000_0017sel.19,21.41832019,8.520500592,10.87507468,21.41832019,12.8978196,9.259277344,0.326
Coastal,2018_0154sel.15,17.76272263,7.79303262,12.59063126,17.76272263,9.96969001,7.921875,1.183
Coastal,12-18ZOOM0093sel.08,13.47338392,5.315199239,7.147496379,13.47338392,8.158184681,7.838085938,0.73
Coastal,12-15ZOOM0100sel.07,21.61923732,2.954659924,2.954659924,21.61923732,18.6645774,9.216210938,0.632
Coastal,12-11ZOOM0073sel.07,14.17020466,7.017983598,7.086809108,14.17020466,7.152221062,13.99658203,0.98
Coastal,PR_21042017_77sel.11-02,12.60420603,5.717500986,5.945108584,10.99456607,6.886705044,11.19726563,0.93
Coastal,Cc 000_0055sel.07,13.40362964,7.094864775,7.552992212,13.40362964,6.308764865,7.3125,0.308
Coastal,3-15ZOOM372sel.39,14.03258679,9.779518314,9.875426251,14.03258679,4.253068476,10.63740234,0.076
Coastal,DR0000_0366.wavsel.39,12.99077204,8.210172011,8.210172011,12.99077204,4.780600029,9.9375,0.162
Coastal,3-15ZOOM372sel.26,14.41499029,7.607375777,8.798805045,14.41499029,6.807614513,7.795019531,0.157
Coastal,12-15ZOOM0100sel.05,12.01789269,4.228855274,6.680612393,10.33672,7.789037416,14.08271484,0.681
Coastal,2018_0143sel.03_1,12.67453623,5.629285456,5.68393952,5.851106148,7.045250774,11.71875,0.521
Coastal,Cc 000_0012sel.02,15.89534714,8.754659053,15.89534714,14.39124014,7.140688087,8.9578125,1.218
Coastal,2018_0207sel.08,17.94893508,8.649639716,8.649639716,9.90551362,9.299295364,16.640625,1.425
Coastal,3-10ZOOM314sel.04,17.29021471,3.952620814,4.547966272,11.35021636,13.3375939,8.785546875,0.77
Coastal,3-15ZOOM372sel.27-2,17.2217936,6.03584608,6.611157498,17.2217936,11.18594752,13.1137207,0.518
Coastal,2018_0128sel.34,7.32034551,4.874102251,6.392233022,7.169242569,2.446243259,5.71875,0.608
Coastal,2018_0128sel.50,21.35627943,6.69860616,16.93625425,21.35627943,14.65767327,6.890625,0.371
Coastal,3-9ZOOM294sel.05,6.750403954,5.716286158,6.021177073,6.750403954,1.034117796,6.2015625,0.225
Coastal,3-10ZOOM0310sel.25,12.72781574,10.36926035,10.36926035,12.72781574,2.35855539,11.45566406,0.161
Coastal,12-18ZOOM0093sel.09,14.71774687,8.139027923,8.139027923,14.56558197,6.578718947,11.15419922,0.701
Coastal,Cc 000_0017sel.16,17.05711007,8.784058534,9.497347025,17.05711007,8.273051536,10.46513672,0.086
Coastal,12-18ZOOM0093sel.20,17.83778188,5.287651269,5.315199239,17.83778188,12.55013061,11.28339844,0.849
Coastal,12-18ZOOM0093sel.45,11.35021636,5.836344738,5.836344738,11.2913897,5.513871622,9.087011719,0.541
Coastal,ZOOM0254sel.05,13.47338392,5.019903482,5.019903482,13.40355316,8.453480438,5.5125,0.302
Coastal,3-9ZOOM294sel.09,18.88708917,6.2118629,7.56794776,18.88708917,12.67522627,12.18779297,0.859
Coastal,ZOOM0072sel.07,16.84677081,5.426833831,5.426833831,16.84677081,11.41993698,10.93886719,1.079
Coastal,12-17ZOOM0091sel.05,18.80569158,4.796399011,4.796399011,18.44219195,14.00929257,12.74765625,0.725
Coastal,2018_0143sel.24_1,21.15092759,2.405413598,2.405413598,21.15092759,18.74551399,2.53125,0.598
Coastal,12-11ZOOM0073sel.02,10.60880511,7.848295238,7.848295238,10.44470648,2.760509872,9.216210938,0.653
Coastal,2018_0154sel.04,17.77453492,5.31222198,5.57515692,17.77453492,12.46231294,6.84375,0.635
Coastal,Cc 000_0017sel.30-04,20.28790273,6.859178427,8.443847909,20.28790273,13.4287243,8.914746094,0.958
Coastal,Cc 000_0017sel.23,20.47207494,8.070805073,11.69041472,20.47207494,12.40126987,8.26875,0.415
Coastal,12-15ZOOM0100sel.60,9.413721901,2.594710487,5.098772073,9.413721901,6.819011414,6.718359375,0.63
Coastal,DR0000_0366.wavsel.29,8.649639716,7.552992212,7.79303262,8.559903442,1.096647504,7.875,0.144
Coastal,12-11ZOOM0073sel.13,12.72781574,7.88992687,7.88992687,12.60420603,4.83788887,9.689941406,0.513
Coastal,Cc 000_0057sel.18-01,18.32723681,10.00935637,12.4600089,17.94893508,8.31788044,12.234375,0.768
Coastal,3-15ZOOM372sel.05,18.40269006,9.316394637,9.364931833,18.40269006,9.086295423,11.62792969,0.235
Coastal,DR0000_0366.wavsel.27,17.26671486,9.394001242,9.394001242,17.26671486,7.872713618,12.46875,0.199
Coastal,DR0000_0366.wavsel.19,12.92184209,8.864894179,10.0513373,12.92184209,4.056947911,9.796875,0.112
Coastal,ZOOM0254sel.02,17.2243895,3.342681764,3.342681764,17.2243895,13.88170774,8.484082031,0.446
Coastal,3-10ZOOM0310sel.18,11.77190622,10.57364074,10.57364074,11.32122054,1.19826548,11.19726563,0.3
Coastal,3-18ZOOM0431sel.11,12.00393306,5.887371016,8.698749716,5.945108584,6.116562044,12.01552734,0.442
Coastal,ZOOM0254sel.17,18.80569158,11.32122054,11.88735354,18.80569158,7.48447104,11.54179688,0.615
Coastal,3-10ZOOM310sel.38,19.89447433,7.971601191,19.28377279,19.89447433,11.92287314,13.39365234,1.059
Coastal,ZOOM0254sel.07,10.66407559,9.661511678,10.12408487,9.661511678,1.002563912,9.733007813,0.577
Coastal,3-10ZOOM310sel.03,17.47084352,7.036937806,7.76715272,17.47084352,10.43390571,7.321289063,0.39
Coastal,2018_0128sel.11,19.38937598,5.57515692,5.57515692,19.38937598,13.81421906,7.734375,0.436
Coastal,ZOOM0139sel.18,15.18384606,6.964183809,7.184733899,10.88805209,8.219662251,8.699414063,1.231
Coastal,3-18ZOOM0093sel.33,9.779518314,5.717500986,5.773572636,9.779518314,4.062017328,8.139550781,0.524
Coastal,2018_0207sel.05,17.39607332,6.526959278,7.552992212,17.39607332,10.86911404,6.609375,0.539
Coastal,PR_21042017_77sel.21-02,18.08571848,7.587862194,7.737420617,18.08571848,10.49785629,9.130078125,0.485
Coastal,ZOOM0254sel.09,12.52801521,9.711846888,9.711846888,12.52801521,2.816168322,10.42207031,0.212
Coastal,12-15ZOOM0100sel.31,10.22984998,4.595478333,6.856460743,10.22984998,5.634371647,8.354882813,0.518
Coastal,PR_21042017_77sel.27,15.61063607,5.989650317,8.754659053,15.61063607,9.620985753,7.493554688,0.545
Coastal,DR0000_0366.wavsel.25,10.9943238,8.831944331,10.9943238,8.924532499,2.162379469,9.1875,0.238
Coastal,3-18ZOOM0431sel.19,17.56388598,8.045439055,13.36428745,13.49535129,9.518446925,9.173144531,1.03
Coastal,2018_0143sel.06_1,16.68532306,6.004511541,6.004511541,16.68532306,10.68081152,7.640625,0.593
Coastal,Cc 000_0030sel.07,18.83541977,9.303672987,17.10068633,18.65430732,9.531746783,9.984375,0.991
Coastal,12-17ZOOM0091sel.07,15.50275084,5.483527317,5.483527317,14.71774687,10.01922352,10.80966797,0.545
Coastal,3-10ZOOM314sel.06,14.41499029,3.932134906,3.932134906,14.41499029,10.48285538,7.622753906,0.43
Coastal,2018_0128sel.15,16.51222004,3.99798113,3.99798113,16.51222004,12.51423891,5.8125,1.111
Coastal,3-18ZOOM0421sel.02,21.41832019,4.99927806,6.04402396,21.41832019,16.41904213,9.30234375,0.527
Coastal,DR0000_0366.wavsel.40,12.33074169,8.740316725,10.11428773,12.33074169,3.590424965,9.375,0.579
Coastal,PR_21042017_77sel.24,14.92096994,5.57190622,7.241363572,14.92096994,9.34906372,6.761425781,0.638
Coastal,PR_21042017_77sel.38,12.60420603,6.882331342,7.297362018,12.60420603,5.721874688,7.665820313,0.271
Coastal,Cc 000_0020sel.04,10.07007306,6.55456159,8.957194249,10.07007306,3.51551147,7.278222656,0.686
Coastal,PR_19042017_58sel.03,9.497347025,6.121740958,7.15630959,9.405110909,3.375606067,6.416894531,0.409
Coastal,12-17ZOOM0091sel.03,13.68506663,9.316394637,9.364931833,13.61413875,4.368671993,11.92939453,0.267
Coastal,3-10ZOOM310sel.30,14.4900905,8.096844425,8.096844425,14.4900905,6.393246075,11.06806641,0.401
Coastal,3-10ZOOM310sel.22,13.82803289,13.12783066,13.54357848,13.26497554,0.70020223,13.69511719,0.157
Coastal,12-15ZOOM0100sel.03,18.88708917,4.57166058,4.595478333,18.88708917,14.31542859,7.967285156,0.755
Coastal,Cc 000_0017sel.03,11.88735354,5.135515035,5.135515035,11.43224798,6.751838505,5.598632813,0.975
Coastal,2018_0128sel.10,21.35627943,8.528818076,9.858968852,21.35627943,12.82746135,9.140625,0.387
Coastal,3-10ZOOM314sel.07,20.63144635,6.342330027,6.92808937,20.63144635,14.28911632,8.699414063,0.61
Coastal,2018_0128sel.41,16.86024077,6.004511541,6.004511541,10.22031913,10.85572923,9.5625,0.676
Coastal,3-15ZOOM372sel.14,15.58351814,9.462766159,10.07161308,15.58351814,6.120751981,9.560742188,0.099
Coastal,Cc 000_0017sel.14,21.03468385,6.984278004,8.367884814,21.03468385,14.05040585,8.26875,0.453
Coastal,2018_0128sel 24-01,20.54664369,8.285148978,20.54664369,12.67453623,12.26149471,8.71875,0.703
Coastal,DR0000_0366.wavsel.34,20.54664369,13.56142451,20.54664369,18.12135208,6.98521918,14.625,0.241
Coastal,DR0000_0366.wavsel.31,11.82694536,8.924532499,9.018091299,11.82694536,2.902412861,9.421875,0.17
Coastal,Cc 000_0012sel.16,14.87880498,8.284473376,10.88778929,14.87880498,6.594331604,8.871679688,1.04
Coastal,2018_0143.sel.34-02,13.26457278,7.632172705,7.632172705,9.90551362,5.632400075,8.15625,0.61
Coastal,Cc 000_0057sel.21-02,15.34975332,6.195339938,6.195339938,15.34975332,9.154413382,10.5,0.388
Coastal,12-18ZOOM0095sel.04,13.33408433,4.741013429,4.741013429,13.33408433,8.593070901,7.321289063,0.719
Coastal,PR_21042017_77sel.04-02,17.05711007,15.93076942,15.93076942,17.05711007,1.12634065,16.58056641,0.021
Coastal,3-10ZOOM314sel.20-01,19.58674355,3.675282616,3.675282616,11.0591162,15.91146093,11.92939453,1.272
Coastal,PR_21042017_77sel.05,19.21714651,5.57190622,6.497164273,19.21714651,13.64524029,6.503027344,0.81
Coastal,3-10ZOOM314sel.22,18.59494077,3.932134906,3.932134906,12.39848967,14.66280586,8.010351563,0.874
Coastal,3-15ZOOM372sel.10,9.86443143,8.440530527,8.528707742,9.86443143,1.423900903,8.9578125,0.057
Coastal,2018_0154sel.09,19.01829062,5.415874187,6.507226381,19.01829062,13.60241643,6.375,0.484
Coastal,12-15ZOOM0100sel.20-2,21.95890097,4.643486747,4.916639794,21.95890097,17.31541422,11.11113281,0.671
Coastal,Cc 000_0057sel.02,18.47493635,4.092413,4.092413,18.47493635,14.38252335,4.5,0.533
Coastal,DR0000_0366.wavsel.63,20.74612861,7.66886181,7.971051536,20.74612861,13.0772668,8.484375,0.543
Coastal,PR_21042017_77sel.14,21.2256353,7.44036908,13.755446,16.7810167,13.78526622,9.30234375,2.622
Coastal,3-10ZOOM310sel.33,10.77548192,9.172287213,9.172287213,10.49912203,1.603194707,10.20673828,0.156
Coastal,2018_0241sel.15,16.68532306,4.976831539,8.210172011,4.976831539,11.70849152,9.984375,0.596
Coastal,PR_21042017_77sel.25-02,14.03258679,5.606986065,14.03258679,5.606986065,8.425600725,6.416894531,0.747
Coastal,DR0000_0366.wavsel.44,21.56362501,9.214213284,9.303672987,21.56362501,12.34941173,10.59375,0.592
Coastal,3-15ZOOM372sel.42,21.61275425,4.326253388,4.326253388,21.61275425,17.28650086,16.23603516,0.183
Coastal,12-15ZOOM0100sel.69,19.68878792,12.79113985,13.68506663,19.68878792,6.89764807,14.34111328,0.219
Coastal,PR_21022018_118sel.02,15.19050627,10.00935637,10.00935637,15.19050627,5.1811499,10.3125,0.556
Coastal,12-15ZOOM0100sel.04,15.50275084,8.013132188,8.013132188,15.42240214,7.489618652,12.10166016,0.337
Coastal,PR_21042017_77sel.13,19.39159848,6.921445587,7.784272366,19.39159848,12.47015289,7.536621094,2.697
Coastal,3-10ZOOM310sel.05,17.65335934,5.072345815,5.287651269,17.65335934,12.58101353,6.244628906,0.695
Coastal,3-10ZOOM314sel.18,19.28377279,2.66300895,2.66300895,10.12408487,16.62076384,9.130078125,0.826
Coastal,Cc 000_0030sel.16,17.10068633,9.037866214,16.77340327,17.10068633,8.062820116,10.171875,0.726
Coastal,ZOOM0139sel.01,16.75945623,7.686849124,9.967483969,16.75945623,9.072607106,10.20673828,0.544
Coastal,2018_0128sel.13,17.21559658,4.437437652,4.437437652,17.21559658,12.77815893,7.96875,0.626
Coastal,2018_0143sel.02_1,17.43435534,9.214213284,15.67645841,13.43102429,8.220142056,9.328125,1.124
Coastal,ZOOM0254sel.12,21.61923732,8.224055377,8.484504585,11.64897892,13.39518194,16.88203125,0.538
Coastal,PR_21042017_77sel.01-01,16.03964403,5.04466117,5.04466117,16.03964403,10.99498286,7.192089844,1.121