Ecotype,Recording,Maximum Frequency (kHz),Minimum Frequency (kHz),Fundamental frequency Start (kHz),Fundamental frequency End (kHz),Delta Frequency (kHz),Peak Frequency (kHz),Duration (s)
Oceanic,piceas-050827-153000sel.02_1,18.05483232,4.359523859,4.384677538,6.121481012,13.69530846,5.2734375,1.808
Oceanic,piceas-050827-082400sel.10_1,5.680344771,5.331999343,5.647758207,5.647758207,0.348345427,5.56640625,0.307
Oceanic,Acst1624-b07sel.01_1,15.28037582,5.615358584,7.19146431,15.28037582,9.665017236,6.201171875,0.842
Oceanic,HICEAS021126-131749sel.01_1,7.126377505,6.159969692,6.216332212,7.126377505,0.966407813,6.262207031,0.392
Oceanic,HICEAS021009-125551sel.08-1_1,12.99440861,6.52373015,7.14715408,11.38367904,6.470678465,6.665039063,1.267
Oceanic,HICEAS021009-125651sel.01_1,12.87635091,6.036766884,6.036766884,6.674293144,6.839584022,6.665039063,1.158
Oceanic,HICEAS021009-131051sel.02_1,12.81772488,6.34753116,8.500485717,6.405728936,6.470193724,6.701660156,1.339
Oceanic,ACST1335-810sel.06_1,7.061763745,6.330609091,6.655819262,6.535671858,0.731154654,6.73828125,0.2
Oceanic,PICEAS-050807-100000sel.51_1,18.87754259,5.926930564,5.993320318,10.11665753,12.95061203,6.890625,1.136
Oceanic,Acst1626-b07sel.04_1,16.65762374,6.263987898,16.65762374,6.300129997,10.39363584,6.93359375,0.775
Oceanic,HICEAS021126-132823sel.01-1_1,8.058792474,5.753223836,5.753223836,8.058792474,2.305568638,6.958007813,0.22
Oceanic,HICEAS021119-142233sel.04_1,12.99440861,6.674293144,6.674293144,9.102728913,6.320115471,6.994628906,1.046
Oceanic,HICEAS021009-125751sel.03_1,18.13143344,6.318630852,6.318630852,6.494027608,11.81280259,7.067871094,1.197
Oceanic,Acst1626-b07sel.08-2_1,16.65762374,3.753837234,3.775496209,16.65762374,12.9037865,7.12890625,0.993
Oceanic,HICEAS021009-125851sel.02_1,12.58587791,6.494027608,8.084316466,7.653516311,6.091850301,7.214355469,1.187
Oceanic,HICEAS021126-132823sel.01-2_1,7.492467152,6.809114256,6.840194357,7.15890575,0.683352896,7.250976563,0.122
Oceanic,PICEAS-050811-183000sel.28_1,19.30281992,7.28326929,7.743431196,19.30281992,12.01955063,7.265625,0.398
Oceanic,HICEAS021009-125551sel.06_1,16.54988513,5.92757386,5.92757386,7.480863372,10.62231127,7.287597656,1.201
Oceanic,HICEAS021009-125651sel.03_1,13.66334251,6.261224386,6.674293144,6.494027608,7.402118123,7.360839844,1.176
Oceanic,HICEAS021009-125651sel.02_1,12.93524507,5.954685542,6.204339473,8.776406829,6.980559532,7.397460938,1.184
Oceanic,Acst1647-b07sel.02_1,17.04540997,6.483992665,8.695031431,17.04540997,10.56141731,7.51953125,0.696
Oceanic,HICEAS021009-125551sel.04_1,12.52857441,6.34753116,12.52857441,6.34753116,6.181043249,7.580566406,0.77
Oceanic,HICEAS021009-125851sel.03_1,16.85475387,5.715077336,5.715077336,8.736447851,11.13967654,7.6171875,2.287
Oceanic,HICEAS021009-125851sel.01_1,12.07943981,6.85956261,7.794503267,10.29631381,5.219877199,7.763671875,1.269
Oceanic,HICEAS021009-130151sel.02_1,20.23003936,7.379146788,7.446803003,20.137932,12.85089257,7.91015625,1.137
Oceanic,PICEAS-050811-183000sel.46_1,19.19561072,7.786678952,11.0595702,10.22997797,11.40893177,7.96875,0.991
Oceanic,HICEAS020823-133003 sel.11-1_1,21.56466606,7.017876375,7.049974909,10.20276902,14.54678968,7.983398438,1.225
Oceanic,HICEAS020823-133003 sel.02-1_1,18.89160517,8.195753341,18.8055917,8.195753341,10.69585183,8.056640625,1.349
Oceanic,HICEAS021009-130651sel.02_1,12.24594678,7.653516311,8.384905426,7.688522151,4.592430465,8.056640625,0.808
Oceanic,PICEAS-050811-183000sel.32_1,21.10191944,8.141470801,8.999983668,21.10191944,12.96044864,8.109375,0.812
Oceanic,HICEAS020823-132703sel.08_1,19.41601091,7.938087371,16.54988513,19.41601091,11.47792354,8.166503906,0.586
Oceanic,HICEAS021009-125551sel.02_1,18.21436343,6.318630852,6.318630852,12.99440861,11.89573258,8.312988281,0.665
Oceanic,PICEAS-050807-100000sel.48_1,20.07023857,5.042941284,5.042941284,20.07023857,15.02729728,8.34375,1.181
Oceanic,STAR06-100606-0900sel.02_1,11.75832137,8.232666444,8.324883604,11.75832137,3.525654925,8.34375,0.381
Oceanic,Acst1628-b07sel.06-1_1,11.59314311,5.42482696,5.42482696,11.59314311,6.168316147,8.3984375,0.834
Oceanic,piceas-050827-082324sel03_1,16.85040135,6.016732511,6.016732511,16.85040135,10.83366884,8.447265625,1.054
Oceanic,PICEAS-050807-113000sel.24_1,18.05489047,5.66864472,5.700304607,18.05489047,12.38624575,8.484375,1.146
Oceanic,Acst1652-b07sel.03_1,18.58174361,5.713119353,9.925193328,18.58174361,12.86862426,8.544921875,1.002
Oceanic,HICEAS020823-133003 sel.02-3_1,20.32256801,7.179843908,7.179843908,18.38136308,13.1427241,8.569335938,1.583
Oceanic,ACST1721sel.04-3_1,17.55808879,7.700018513,7.700018513,11.86819563,9.858070277,8.569335938,0.789
Oceanic,HICEAS020823-132803sel.16-2_1,21.27145336,4.507808986,4.507808986,9.882004562,16.76364437,8.642578125,1.023
Oceanic,piceas-050827-082000sel.04_1,17.04540997,8.400005132,15.54640002,17.04540997,8.645404841,8.642578125,0.425
Oceanic,Acst1620-b07sel.01_1,15.28037582,6.521404152,6.750449933,15.28037582,8.758971668,8.69140625,0.487
Oceanic,HICEAS020823-133003 sel.01_1,18.04888103,4.267595133,7.901945261,6.890937045,13.7812859,8.752441406,1.295
Oceanic,HICEAS020827-071115sel.04_1,20.23003936,8.617659205,13.60113331,14.63136426,11.61238016,8.825683594,1.626
Oceanic,HICEAS020827-071015sel.04-2_1,20.04624399,7.865967705,7.865967705,20.04624399,12.18027629,8.825683594,0.74
Oceanic,HICEAS020827-071115sel.07_1,20.04624399,8.423256511,19.50481634,14.30130054,11.62298748,8.825683594,1.513
Oceanic,HICEAS021119-142233sel.05_1,19.23961121,6.985923985,12.19019098,6.985923985,12.25368723,8.825683594,1.199
Oceanic,HICEAS021119-142233sel.05_1,19.77367713,8.657074865,11.22889625,10.39071627,11.11660227,8.862304688,0.734
Oceanic,HICEAS021009-130951sel.01_1,16.39952496,7.938087371,7.938087371,15.24479339,8.461437585,8.898925781,1.613
Oceanic,HICEAS020823-132903 sel.08_1,13.53920736,6.064377996,13.47756335,6.064377996,7.47482936,8.935546875,1.06
Oceanic,ACST1335-810sel.05_1,17.31983618,5.966694929,5.966694929,8.667924039,11.35314126,8.972167969,0.525
Oceanic,piceas-050827-152600sel.21-2_1,17.74588476,8.114989206,14.17921622,13.23332613,9.630895554,8.984375,1.022
Oceanic,HICEAS021119-142233sel.03_1,17.00928784,9.06128419,16.93184456,12.58587791,7.948003651,9.118652344,1.04
Oceanic,HICEAS020827-071115sel.05_1,15.17538385,8.423256511,9.186187909,8.617659205,6.752127341,9.118652344,1.319
Oceanic,piceas-050827-153000sel.01_1,18.79678894,8.897450069,8.948786778,14.0169984,9.899338875,9.130859375,0.714
Oceanic,Acst1636-b07sel.02_1,15.81705558,6.300129997,11.13553254,15.81705558,9.516925583,9.130859375,0.726
Oceanic,piceas-050827-152800sel.04-1_1,14.09787399,7.661290645,7.661290645,14.09787399,6.436583346,9.130859375,0.803
Oceanic,HICEAS020827-072126sel.05_1,20.6969341,8.461783007,8.461783007,8.539365446,12.23515109,9.155273438,1.688
Oceanic,HICEAS020827-071115sel.03_1,14.432423,9.06128419,9.484366539,9.06128419,5.371138808,9.155273438,0.79
Oceanic,HICEAS021119-142333sel.05_1,13.91901191,5.885730501,5.885730501,8.206939905,8.033281406,9.228515625,1.16
Oceanic,HICEAS020827-071215sel.03_1,19.86411846,8.121292711,12.41474893,8.657074865,11.74282575,9.265136719,3.111
Oceanic,HICEAS020827-071015sel.03_1,19.32760982,8.776406829,15.95659129,11.22889625,10.55120299,9.265136719,1.395
Oceanic,HICEAS020827-071015sel.05_1,16.10289039,9.186187909,12.58587791,12.13468905,6.916702481,9.265136719,0.879
Oceanic,piceas-050827-152000sel.01_1,17.4422238,7.884877354,7.884877354,11.52663646,9.557346442,9.27734375,0.977
Oceanic,HICEAS021119-142233sel.02_1,18.97801206,6.204339473,12.93524507,6.204339473,12.77367259,9.411621094,1.008
Oceanic,HICEAS021119-142233sel.01_1,18.54989387,9.020028165,13.7886158,10.01822136,9.529865703,9.411621094,1.076
Oceanic,piceas-050827-152600sel.11_1,14.59302174,9.104580974,14.0169984,14.59302174,5.488440762,9.423828125,1.183
Oceanic,PICEAS-050807-100000sel.39_1,21.21977554,8.465149751,8.465149751,21.21977554,12.75462579,9.46875,0.839
Oceanic,PICEAS-050811-183000sel.44_1,13.74271147,8.801697145,9.515464038,9.100795833,4.941014323,9.46875,1.005
Oceanic,piceas-050827-082324sel06_1,11.39476556,9.263087473,11.39476556,9.75535712,2.131678091,9.47265625,0.322
Oceanic,HICEAS020827-071215sel.01_1,15.73963104,7.379146788,15.45493263,9.06128419,8.360484252,9.484863281,1.112
Oceanic,HICEAS020823-132603sel.01_1,15.42344192,8.899427703,9.290088069,15.42344192,6.524014221,9.484863281,0.47
Oceanic,STAR06-100606-0855sel.01_1,16.06199665,9.254135343,9.622050291,14.20971538,6.80786131,9.515625,0.972
Oceanic,Acst1624-b07sel.03_1,19.79570952,8.948786778,19.68214702,19.79570952,10.84692274,9.521484375,0.56
Oceanic,piceas-050827-152600sel.08-2_1,17.4422238,9.370288593,10.33306546,9.370288593,8.071935204,9.521484375,1.318
Oceanic,ACST1337-810sel.04_1,10.83498441,7.526666407,7.526666407,10.785753,3.308318001,9.521484375,0.815
Oceanic,HICEAS020823-133203sel.05_1,21.36874525,9.571324605,20.50889687,9.747639891,11.79742064,9.558105469,0.831
Oceanic,HICEAS020827-072126sel.03-2_1,14.90089155,7.2456728,7.723688101,7.278813235,7.655218747,9.558105469,1.066
Oceanic,PICEAS-050807-113000sel.22-1_1,20.52238521,8.949997134,20.52238521,10.11665753,11.57238808,9.5625,1.038
Oceanic,PICEAS-050807-113000sel.23_1,19.95876707,7.615123808,7.615123808,19.95876707,12.34364326,9.5625,1.071
Oceanic,piceas-050827-152600sel.18_1,18.4751453,9.157112791,11.19978258,16.56206357,9.318032508,9.5703125,1.456
Oceanic,piceas-050827-090200sel.04_1,16.27865971,9.588427086,9.64375061,16.27865971,6.690232625,9.5703125,0.569
Oceanic,HICEAS020823-133103 sel.09_1,20.6969341,8.938078776,13.97868261,20.6969341,11.75885532,9.594726563,1.395
Oceanic,PICEAS-050807-093000sel.23_1,18.35909771,8.232666444,13.2910557,8.232666444,10.12643127,9.609375,1.131
Oceanic,PICEAS-050807-093000sel.27_1,15.97278721,8.006567961,9.729830455,8.232666444,7.966219247,9.609375,1.148
Oceanic,piceas-050827-083200sel.01_1,15.01890373,9.588427086,9.588427086,15.01890373,5.43047664,9.619140625,0.24
Oceanic,Acst1620-b07sel.03_1,12.93226551,6.121481012,6.121481012,6.711724473,6.810784493,9.619140625,0.588
Oceanic,HICEAS021119-144118sel.02_1,19.67536275,8.787160471,19.67536275,17.00718747,10.88820227,9.631347656,1.37
Oceanic,PICEAS-050811-183000sel.18_1,20.18233264,4.243266745,4.243266745,20.18233264,15.9390659,9.65625,1.27
Oceanic,PICEAS-050807-113000sel.01_1,15.88407324,9.568608756,15.88407324,13.74271147,6.315464484,9.65625,0.39
Oceanic,piceas-050827-152400sel.02-4_1,15.01890373,9.588427086,13.1574102,13.93658676,5.43047664,9.66796875,0.732
Oceanic,Acst1636-b07sel.01_1,14.59302174,4.644336385,4.644336385,14.59302174,9.948685351,9.66796875,1.14
Oceanic,HICEAS020823-132803sel.02_1,14.36671218,9.39819851,14.36671218,9.39819851,4.968513669,9.66796875,0.498
Oceanic,piceas-050827-152600sel.10_1,13.1574102,9.64375061,13.00688238,10.39268541,3.513659593,9.66796875,0.189
Oceanic,PICEAS-050807-100000sel.01_1,21.33828989,7.873900439,8.949997134,14.13079363,13.46438945,9.703125,1.335
Oceanic,piceas-050827-152800sel.03_1,20.84771588,9.370288593,19.68214702,9.370288593,11.47742729,9.716796875,1.082
Oceanic,HICEAS021009-125751sel.02_1,12.52857441,6.092115396,6.583543418,7.017876375,6.436459012,9.741210938,1.142
Oceanic,PICEAS-050807-093000sel.19_1,18.25713001,9.254135343,18.25713001,9.784172428,9.002994668,9.75,0.767
Oceanic,Acst1626-b07sel.01_1,20.72811831,4.919372124,4.919372124,6.016732511,15.80874619,9.765625,0.871
Oceanic,piceas-050827-095400sel.03_1,19.45697272,9.75535712,9.811643801,17.95125675,9.701615598,9.765625,0.701
Oceanic,piceas-050827-085400sel.02_1,16.09242313,7.976128537,7.976128537,16.00010535,8.116294589,9.765625,0.751
Oceanic,ACST1720sel.01_1,18.04447133,8.948697731,12.76526459,18.04447133,9.095773601,9.777832031,0.641
Oceanic,PICEAS-050807-100000sel.43_1,21.45746614,9.893768583,9.893768583,21.45746614,11.56369756,9.796875,0.948
Oceanic,PICEAS-050807-100000sel.20_1,19.95876707,9.784172428,10.81590713,9.784172428,10.17459464,9.796875,0.699
Oceanic,ACST1722sel.04_1,17.63823243,7.492467152,7.526666407,17.63823243,10.14576527,9.814453125,0.24
Oceanic,piceas-050827-152000sel.03_1,17.4422238,9.699393341,9.699393341,17.4422238,7.742830456,9.814453125,1.006
Oceanic,piceas-050827-085600sel.03_1,14.17921622,9.925193328,9.925193328,14.17921622,4.254022896,9.814453125,0.54
Oceanic,PICEAS-050807-093000sel.10_1,20.98471791,7.202590396,7.202590396,20.98471791,13.78212752,9.84375,0.71
Oceanic,HICEAS020823-132803sel.09-2_1,20.04624399,9.484366539,10.11007411,13.7886158,10.56187746,9.851074219,1.053
Oceanic,piceas-050827-152600sel.19_1,20.37342648,7.358880198,8.695031431,7.401339632,13.01454628,9.86328125,1.13
Oceanic,piceas-050827-095600sel.04_1,18.58174361,9.925193328,18.58174361,9.982459934,8.656550283,9.86328125,0.512
Oceanic,piceas-050827-085800sel.01_1,11.52663646,9.699393341,11.52663646,9.982459934,1.827243118,9.912109375,0.914
Oceanic,HICEAS020827-071215sel.05_1,20.23003936,7.974394789,10.48598426,7.974394789,12.25564457,9.924316406,1.03
Oceanic,HICEAS021119-142333sel.10-1_1,19.32019328,9.713161367,10.54293112,14.17488968,9.607031915,9.924316406,0.937
Oceanic,HICEAS020827-072226sel.02_1,18.21436343,9.144363197,11.17777108,18.21436343,9.070000238,9.924316406,0.553
Oceanic,ACST1343-810sel.01_1,12.64952391,5.324616409,5.324616409,12.64952391,7.324907503,9.924316406,0.354
Oceanic,PICEAS-050807-100000sel.26_1,19.51903799,7.962098927,7.962098927,9.784172428,11.55693906,9.984375,0.662
Oceanic,PICEAS-050807-100000sel.60_1,15.62087674,10.06046891,10.06046891,12.50122011,5.560407835,9.984375,0.555
Oceanic,piceas-050827-090400sel.03_1,16.09242313,10.09798631,15.90831719,15.54640002,5.99443682,10.00976563,0.636
Oceanic,PICEAS-050811-183000sel.12_1,20.52238521,8.85085541,8.85085541,20.52238521,11.6715298,10.03125,0.398
Oceanic,PICEAS-050807-113000sel.27_1,19.30281992,8.371378823,8.371378823,19.30281992,10.9314411,10.03125,0.472
Oceanic,HICEAS020827-072126sel.02-2_1,20.6969341,5.92757386,5.92757386,7.688522151,14.76936024,10.03417969,1.627
Oceanic,piceas-050827-091400sel.01_1,15.72631752,9.811643801,10.1562499,15.72631752,5.914673716,10.05859375,0.426
Oceanic,piceas-050827-085400sel.03_1,13.93658676,10.09798631,10.09798631,13.93658676,3.838600457,10.05859375,0.346
Oceanic,Acst1636-b07sel.03_1,13.23332613,9.316533845,10.75769894,13.23332613,3.916792282,10.05859375,0.509
Oceanic,PICEAS-050807-100000sel.14_1,18.66843056,9.568608756,9.568608756,9.893768583,9.0998218,10.078125,0.946
Oceanic,PICEAS-050807-113000sel.16_1,17.46151444,7.530768864,7.530768864,17.46151444,9.930745578,10.078125,0.517
Oceanic,PICEAS-050807-113000sel.13_1,16.24191305,5.960033,5.960033,16.24191305,10.28188005,10.078125,1.077
Oceanic,HICEAS021009-130351sel.01_1,13.91503767,9.972608399,13.85168251,9.972608399,3.942429275,10.10742188,0.601
Oceanic,PICEAS-050807-120000sel.02_1,21.94086455,10.22997797,10.22997797,21.94086455,11.71088658,10.125,0.349
Oceanic,PICEAS-050811-183000sel.20_1,20.18233264,6.515531757,6.515531757,20.18233264,13.66680089,10.125,0.71
Oceanic,PICEAS-050811-183000sel.13_1,18.66843056,7.405985255,7.405985255,18.66843056,11.2624453,10.125,0.438
Oceanic,PICEAS-050807-100000sel.04_1,18.35909771,8.232666444,13.81946574,8.278646622,10.12643127,10.125,0.954
Oceanic,HICEAS020823-133303sel.01_1,13.35511605,6.735486859,8.158438077,11.33184915,6.619629189,10.14404297,0.681
Oceanic,piceas-050827-152600sel.01_1,17.84827537,9.588427086,9.588427086,9.868255246,8.259848283,10.15625,1.58
Oceanic,piceas-050827-091400sel.02_1,11.86302922,7.232957784,11.86302922,7.232957784,4.630071436,10.15625,0.207
Oceanic,PICEAS-050811-183000sel.35_1,21.57730801,3.903174406,3.903174406,21.57730801,17.6741336,10.171875,1.083
Oceanic,PICEAS-050811-183000sel.09_1,20.86816733,9.838817906,9.838817906,11.30872258,11.02934943,10.171875,0.791
Oceanic,PICEAS-050811-183000sel.11_1,20.75226408,10.11665753,10.11665753,20.63700457,10.63560656,10.171875,0.601
Oceanic,PICEAS-050807-093000sel.14-2_1,17.55903856,9.100795833,9.254135343,9.100795833,8.458242727,10.171875,1.844
Oceanic,PICEAS-050807-093000sel.18_1,14.85716614,7.743431196,7.743431196,10.40234309,7.11373494,10.171875,1.036
Oceanic,HICEAS021119-142233sel.06_1,20.04624399,9.355408514,20.04624399,16.32485792,10.69083548,10.18066406,0.886
Oceanic,HICEAS020823-132803sel.10_1,21.36874525,9.228203919,21.17460443,9.228203919,12.14054133,10.21728516,0.893
Oceanic,HICEAS021119-142233sel.09_1,19.41601091,7.653516311,12.93524507,7.653516311,11.7624946,10.21728516,1.221
Oceanic,PICEAS-050807-093000sel.04_1,21.21977554,8.655854462,8.655854462,18.87754259,12.56392108,10.21875,0.591
Oceanic,piceas-050827-085600sel.01_1,17.4422238,9.982459934,17.4422238,9.982459934,7.459763863,10.25390625,0.623
Oceanic,Acst1628-b07sel.07-2_1,11.26440334,5.81258209,5.81258209,10.63462511,5.451821253,10.25390625,0.74
Oceanic,PICEAS-050811-183000sel.48_1,19.62805356,9.838817906,11.30872258,19.62805356,9.789235656,10.265625,0.777
Oceanic,PICEAS-050811-183000sel.36_1,14.05231022,7.122805205,8.999983668,7.122805205,6.929505017,10.265625,0.998
Oceanic,HICEAS020827-071015sel.02_1,17.80347212,8.856873918,17.80347212,17.00928784,8.946598201,10.29052734,0.636
Oceanic,piceas-050827-084600sel.01_1,20.024804,9.75535712,9.75535712,20.024804,10.26944688,10.30273438,0.765
Oceanic,PICEAS-050811-183000sel.37_1,20.07023857,7.530768864,7.572828881,20.07023857,12.5394697,10.3125,0.876
Oceanic,STAR06-100606-0900sel.01_1,18.87754259,9.838817906,9.838817906,18.87754259,9.038724685,10.3125,0.646
Oceanic,PICEAS-050807-100000sel.23_1,13.59047945,10.00459237,10.51886361,10.00459237,3.585887086,10.3125,0.92
Oceanic,Acst1622-b07sel.02_1,20.49097754,4.384677538,4.40997635,20.49097754,16.1063,10.3515625,0.747
Oceanic,Acst1622-b07sel.03_1,18.90524308,4.512639741,4.512639741,18.90524308,14.39260334,10.3515625,0.615
Oceanic,PICEAS-050807-100000sel.06_1,20.29505278,8.801697145,8.801697145,10.75583483,11.49335563,10.359375,0.802
Oceanic,PICEAS-050811-183000sel.43_1,17.07680452,9.568608756,9.568608756,17.07680452,7.508195767,10.359375,0.346
Oceanic,HICEAS021119-144118sel.03_1,19.49696928,9.030576569,9.982228928,9.713161367,10.46639271,10.36376953,1.143
Oceanic,HICEAS021009-125751sel.01_1,17.16523867,5.981921229,7.865967705,8.01086827,11.18331744,10.36376953,1.158
Oceanic,HICEAS020823-133403sel.05_1,19.15201327,8.856873918,10.58212573,15.0375114,10.29513935,10.40039063,1.334
Oceanic,HICEAS021119-142333sel.02-1_1,14.76794513,10.16573552,10.30557593,14.76794513,4.602209606,10.40039063,0.479
Oceanic,PICEAS-050807-113000sel.03_1,20.98471791,10.00459237,12.50122011,20.98471791,10.98012555,10.40625,0.64
Oceanic,PICEAS-050807-093000sel.07_1,19.95876707,6.515531757,6.515531757,19.62805356,13.44323531,10.40625,0.675
Oceanic,PICEAS-050807-093000sel.06_1,19.737678,7.122805205,7.122805205,19.737678,12.61487279,10.40625,0.639
Oceanic,PICEAS-050811-183000sel.25_1,17.55903856,8.607779246,8.607779246,17.26808816,8.951259315,10.40625,1.175
Oceanic,PICEAS-050807-100000sel.10_1,13.36528743,7.83016825,8.371378823,7.83016825,5.53511918,10.40625,1.706
Oceanic,HICEAS021119-143415sel.01_1,20.40540929,8.472781276,9.891721605,9.757496948,11.93262802,10.43701172,1.465
Oceanic,piceas-050827-152600sel.22-1_1,18.26377974,10.1562499,14.42606975,13.93658676,8.107529847,10.44921875,2.273
Oceanic,piceas-050827-100600sel.02_1,16.94762518,10.09798631,10.09798631,16.94762518,6.849638876,10.44921875,1.016
Oceanic,PICEAS-050807-100000sel.31_1,20.52238521,9.305820516,9.305820516,9.305820516,11.2165647,10.453125,0.712
Oceanic,PICEAS-050807-100000sel.41-2_1,19.737678,7.530768864,7.530768864,10.46044111,12.20690913,10.453125,0.869
Oceanic,PICEAS-050807-100000sel.21_1,18.35909771,10.00459237,10.06046891,14.20971538,8.354505348,10.453125,0.64
Oceanic,piceas-050827-152600sel.16_1,18.90524308,9.982459934,10.27378753,9.982459934,8.922783149,10.49804688,1.332
Oceanic,piceas-050827-084800sel.02_1,13.61952683,10.33306546,10.57361721,13.61952683,3.286461372,10.49804688,1.243
Oceanic,piceas-050827-090200sel.02_1,13.61952683,10.45264937,10.45264937,11.79497431,3.166877465,10.49804688,1.272
Oceanic,HICEAS021009-125551sel.08-2_1,18.13143344,8.500485717,17.16523867,8.539365446,9.630947725,10.51025391,1.151
Oceanic,PICEAS-050807-093000sel.05_1,20.52238521,7.700423642,7.700423642,20.52238521,12.82196157,10.546875,0.397
Oceanic,piceas-050827-085400sel.06_1,19.79570952,10.57361721,10.81976896,19.79570952,9.222092309,10.546875,0.744
Oceanic,PICEAS-050807-113000sel.09-1_1,19.62805356,9.893768583,13.21723625,10.63668931,9.734284979,10.546875,0.806
Oceanic,HICEAS021009-125551sel.07_1,16.85475387,8.578423004,15.3145204,13.7886158,8.276330868,10.546875,1.058
Oceanic,piceas-050827-082600sel.01_1,15.01890373,8.595555615,15.01890373,8.595555615,6.423348111,10.546875,0.3
Oceanic,PICEAS-050807-100000sel.27_1,20.75226408,7.242817507,7.242817507,20.75226408,13.50944657,10.59375,0.831
Oceanic,piceas-050827-082000sel.01_1,14.0169984,8.497217855,8.497217855,14.0169984,5.519780541,10.59570313,0.767
Oceanic,piceas-050827-094800sel.01_1,10.57361721,10.21484966,10.21484966,10.57361721,0.358767554,10.59570313,0.568
Oceanic,HICEAS021009-130151sel.01_1,13.23378122,9.020028165,10.53394532,10.15631581,4.213753051,10.62011719,0.83
Oceanic,PICEAS-050807-100000sel.29-1_1,21.33828989,8.232666444,8.232666444,21.21977554,13.10562344,10.640625,0.903
Oceanic,PICEAS-050807-100000sel.29-2_1,20.98471791,8.371378823,8.371378823,20.98471791,12.61333909,10.640625,0.891
Oceanic,Acst1008-b29sel.01_1,20.9680035,4.384677538,5.615358584,4.384677538,16.58332596,10.64453125,0.832
Oceanic,piceas-050827-095600sel.03_1,18.26377974,9.868255246,11.00813608,18.26377974,8.395524497,10.64453125,1.091
Oceanic,Acst1649-b07sel.01-2_1,13.23332613,8.068435763,8.161811255,8.068435763,5.164890364,10.64453125,0.7
Oceanic,HICEAS020823-133303sel.04_1,14.49843437,8.500485717,10.24943469,8.776406829,5.99794865,10.65673828,1.27
Oceanic,PICEAS-050807-100000sel.56_1,21.81900346,10.51886361,10.51886361,21.81900346,11.30013985,10.6875,1.168
Oceanic,PICEAS-050807-100000sel.03_1,13.81946574,8.512428369,8.559971042,9.515464038,5.307037371,10.6875,1.293
Oceanic,HICEAS020823-132803sel.19_1,19.23961121,7.14715408,9.571324605,7.14715408,12.09245713,10.69335938,1.804
Oceanic,Acst1622-b07sel.04_1,19.01432298,4.538676872,4.752455631,19.01432298,14.47564611,10.69335938,0.631
Oceanic,HICEAS021119-143315sel.01_1,15.17703696,8.550305572,15.17703696,11.76058854,6.626731389,10.69335938,0.98
Oceanic,HICEAS021119-142433sel.02_1,19.58596291,6.244706569,6.273210439,10.11954501,13.34125634,10.72998047,1.089
Oceanic,PICEAS-050807-100000sel.22_1,16.24191305,9.202737233,12.71185344,9.202737233,7.03917582,10.734375,1.04
Oceanic,piceas-050827-152800sel.04-2_1,21.21066487,10.63462511,17.95125675,21.21066487,10.57603976,10.7421875,0.894
Oceanic,HICEAS020827-071015sel.01_1,16.10289039,8.617659205,10.92561574,9.571324605,7.485231185,10.76660156,1.509
Oceanic,PICEAS-050807-113000sel.17_1,20.86816733,10.28711331,10.75583483,11.95643759,10.58105402,10.78125,0.711
Oceanic,PICEAS-050811-183000sel.14_1,18.05489047,6.551921585,8.418133722,6.551921585,11.50296888,10.78125,1.053
Oceanic,PICEAS-050807-100000sel.55_1,17.07680452,9.838817906,9.838817906,11.30872258,7.237986617,10.78125,1.201
Oceanic,piceas-050827-090200sel.01_1,21.95562917,10.63462511,21.95562917,10.63462511,11.32100407,10.79101563,1.418
Oceanic,piceas-050827-082000sel.03_1,15.63609999,10.09798631,10.09798631,12.63805407,5.538113688,10.79101563,0.697
Oceanic,piceas-050827-082400sel.08_1,12.63805407,5.615358584,5.615358584,8.897450069,7.022695484,10.79101563,0.397
Oceanic,PICEAS-050807-100000sel.40_1,21.45746614,9.254135343,9.784172428,12.09036609,12.2033308,10.828125,1.194
Oceanic,PICEAS-050811-190000sel.03_1,20.18233264,10.81590713,10.81590713,20.18233264,9.366425517,10.828125,0.631
Oceanic,PICEAS-050807-113000sel.11_1,17.65710736,6.407570461,6.407570461,17.65710736,11.2495369,10.828125,1.069
Oceanic,piceas-050827-152600sel.11_1,18.68895698,10.69598501,11.00813608,11.00813608,7.99297197,10.83984375,1.122
Oceanic,Acst1626-b07sel.02_1,16.00010535,7.274690667,11.26440334,16.00010535,8.725414687,10.83984375,1.375
Oceanic,piceas-050827-082400sel.04_1,12.4217964,10.69598501,10.69598501,12.4217964,1.725811392,10.83984375,0.362
Oceanic,PICEAS-050811-183000sel.41_1,20.63700457,4.219699347,4.219699347,10.69609617,16.41730522,10.875,1.538
Oceanic,piceas-050827-082400sel.05_1,13.00688238,10.69598501,10.94498545,13.00688238,2.310897376,10.9375,0.367
Oceanic,PICEAS-050807-113000sel.18_1,18.77269541,9.515464038,15.53411731,9.515464038,9.257231371,10.96875,1.097
Oceanic,piceas-050827-152600sel.09_1,14.34331139,10.69598501,13.77714475,10.69598501,3.647326381,10.98632813,1.047
Oceanic,ACST1720sel.03_1,15.31590389,8.095576712,14.36988023,15.17703696,7.220327175,11.02294922,0.994
Oceanic,piceas-050827-152800sel.02_1,20.25654978,10.69598501,17.74588476,20.25654978,9.560564773,11.1328125,0.878
Oceanic,piceas-050827-090200sel.07_1,19.23437453,11.13553254,19.23437453,16.18527355,8.098841993,11.1328125,1.027
Oceanic,Acst1652-b07sel.02_1,18.68895698,5.81258209,5.81258209,18.68895698,12.87637489,11.1328125,0.991
Oceanic,HICEAS020827-071015sel.04-1_1,14.04261865,10.39071627,10.63052652,10.39071627,3.651902385,11.1328125,0.905
Oceanic,PICEAS-050807-100000sel.13_1,18.25713001,8.752811908,14.05231022,8.752811908,9.504318103,11.15625,1.394
Oceanic,HICEAS020823-133203sel.01_1,16.32485792,9.882004562,14.76551293,14.432423,6.44285336,11.16943359,1.182
Oceanic,HICEAS021119-144318sel.01_1,13.36004816,7.492467152,10.73674528,7.492467152,5.867581012,11.16943359,1.345
Oceanic,Acst1628-b07sel.05_1,18.4751453,5.947897869,5.947897869,18.4751453,12.52724743,11.18164063,0.761
Oceanic,Acst1647-b07sel.01_1,18.4751453,6.483992665,6.483992665,18.4751453,11.99115263,11.18164063,0.662
Oceanic,Acst1626-b07sel.03_1,17.74588476,8.068435763,17.74588476,17.54286233,9.677448998,11.18164063,0.834
Oceanic,piceas-050827-152600sel.02_1,16.09242313,11.39476556,14.76190584,11.39476556,4.697657561,11.18164063,0.542
Oceanic,piceas-050827-082400sel.03_1,14.09787399,10.5129593,14.09787399,13.00688238,3.584914692,11.18164063,0.408
Oceanic,piceas-050827-082800sel.01_1,12.2796844,10.33306546,10.33306546,11.86302922,1.946618936,11.18164063,0.447
Oceanic,PICEAS-050807-113000sel.14_1,19.95876707,9.151624591,12.36274045,19.95876707,10.80714248,11.203125,0.659
Oceanic,piceas-050827-082400sel.11_1,14.67722088,9.209947708,14.67722088,9.209947708,5.467273175,11.23046875,0.28
Oceanic,Acst1626-b07sel.09_1,13.46371215,5.033894149,5.270998415,13.46371215,8.429818,11.23046875,0.631
Oceanic,HICEAS020827-072126sel.04_1,19.77367713,6.85956261,8.461783007,11.75318703,12.91411452,11.27929688,1.193
Oceanic,piceas-050827-152600sel.20_1,18.1590055,8.208903459,8.208903459,18.05483232,9.950102042,11.27929688,0.761
Oceanic,HICEAS021119-144218sel.02_1,13.42102991,7.257384045,10.25875002,7.257384045,6.16364586,11.27929688,1.293
Oceanic,PICEAS-050807-100000sel.18_1,19.84791469,10.40234309,10.40234309,17.75572388,9.445571597,11.296875,0.583
Oceanic,PICEAS-050811-183000sel.33_1,18.15572864,8.096252507,8.096252507,18.15572864,10.05947614,11.296875,0.512
Oceanic,HICEAS021009-130451sel.01_1,14.30130054,7.480863372,7.480863372,8.233239278,6.82043717,11.31591797,0.99
Oceanic,HICEAS020823-132903 sel.07_1,15.52562078,8.617659205,8.617659205,9.44118422,6.907961578,11.35253906,1.275
Oceanic,piceas-050827-082400sel.07_1,11.52663646,9.209947708,11.52663646,9.209947708,2.31668875,11.37695313,0.259
Oceanic,ACST1720sel.05-3_1,19.85538848,8.908037127,8.908037127,10.30557593,10.94735135,11.38916016,0.842
Oceanic,HICEAS021119-142433sel.05_1,13.79281038,7.061763745,7.061763745,8.357810778,6.731046638,11.38916016,1.21
Oceanic,PICEAS-050811-183000sel.47_1,21.81900346,11.30872258,19.08899697,21.81900346,10.51028089,11.390625,0.628
Oceanic,PICEAS-050811-183000sel.16_1,20.18233264,6.094301904,6.094301904,20.18233264,14.08803074,11.390625,1.056
Oceanic,PICEAS-050811-183000sel.26_1,16.42384476,7.700423642,7.700423642,16.42384476,8.72342112,11.390625,0.435
Oceanic,HICEAS020823-132803sel.14_1,20.60270096,7.830153956,7.830153956,20.60270096,12.77254701,11.42578125,0.658
Oceanic,PICEAS-050811-183000sel.24_1,15.62087674,6.266399664,6.266399664,15.62087674,9.354477079,11.4375,0.933
Oceanic,HICEAS020823-133103 sel.12_1,20.32256801,11.22889625,14.23618672,20.32256801,9.093671763,11.46240234,1.108
Oceanic,ACST1720sel.14_1,15.45604142,3.942322852,3.942322852,11.76058854,11.51371857,11.46240234,0.895
Oceanic,PICEAS-050807-100000sel.58_1,20.86816733,10.81590713,10.81590713,20.86816733,10.05226021,11.484375,1.652
Oceanic,PICEAS-050807-100000sel.49_1,15.44783974,10.34456776,10.34456776,15.44783974,5.103271985,11.484375,1.237
Oceanic,Acst1638-b07sel.01_1,13.77714475,5.519270662,6.409812316,13.77714475,8.257874084,11.5234375,0.887
Oceanic,PICEAS-050811-183000sel.02_1,14.36888368,11.95643759,12.50122011,11.95643759,2.412446099,11.53125,0.262
Oceanic,HICEAS021009-125551sel.04_1,19.68364758,9.972608399,9.972608399,16.02957393,9.711039185,11.53564453,0.95
Oceanic,ACST1718sel.01_1,21.25914004,7.191582469,7.913319324,7.877363216,14.06755758,11.57226563,1.112
Oceanic,piceas-050827-082400sel.02_1,13.38647457,10.33306546,13.38647457,10.33306546,3.053409106,11.57226563,0.533
Oceanic,HICEAS021119-142433sel.03_1,11.49581998,8.282031803,11.49581998,8.282031803,3.213788179,11.57226563,0.419
Oceanic,PICEAS-050807-100000sel.54_1,19.51903799,10.69609617,10.69609617,12.09036609,8.822941816,11.578125,0.96
Oceanic,HICEAS021119-142433sel.04_1,19.9460181,4.337968693,19.9460181,4.337968693,15.60804941,11.60888672,1.296
Oceanic,piceas-050827-082400sel.01_1,20.14034357,11.52663646,13.1574102,20.14034357,8.613707111,11.62109375,1.105
Oceanic,Acst1628-b07sel.03-1_1,17.4422238,7.794670134,12.78431346,13.93658676,9.647553662,11.62109375,0.998
Oceanic,piceas-050827-082000sel.03-1_1,15.45721463,11.39476556,13.54139538,15.45721463,4.062449071,11.62109375,0.981
Oceanic,piceas-050827-082400sel.09_1,12.13919823,11.46051134,12.13919823,11.59314311,0.678686888,11.62109375,0.548
Oceanic,ACST1721sel.02-2_1,16.85298593,6.809114256,7.029676889,10.63939688,10.04387168,11.64550781,1.56
Oceanic,PICEAS-050807-113000sel.04-2_1,21.45746614,7.572828881,7.572828881,21.45746614,13.88463726,11.671875,0.872
Oceanic,PICEAS-050811-183000sel.05_1,14.44913518,11.0595702,12.64125093,11.0595702,3.38956498,11.671875,0.441
Oceanic,PICEAS-050807-113000sel.02_1,20.86816733,7.917876877,7.917876877,20.86816733,12.95029045,11.71875,0.595
Oceanic,Acst1636-b07sel.10-1_1,20.14034357,7.274690667,8.846407865,7.274690667,12.8656529,11.71875,0.682
Oceanic,ACST1335-810sel.03_1,13.54382971,9.936872222,11.9767873,11.23701222,3.606957488,11.71875,0.77
Oceanic,Acst1628-b07sel.07-1_1,19.90992725,10.27378753,10.27378753,19.90992725,9.636139725,11.76757813,0.479
Oceanic,Acst1638-b07sel.03_1,13.46371215,7.705494933,7.705494933,7.930371698,5.758217216,11.81640625,0.739
Oceanic,PICEAS-050807-100000sel.53_1,20.98471791,11.95643759,12.64125093,11.95643759,9.028280326,11.859375,0.856
Oceanic,PICEAS-050807-100000sel.08_1,15.19187156,8.655854462,8.655854462,9.622050291,6.536017103,11.859375,1.276
Oceanic,piceas-050827-082324sel01_1,19.79570952,11.66003349,11.66003349,12.63805407,8.135676033,11.86523438,0.191
Oceanic,HICEAS020827-072126sel.06_1,14.63136426,7.865967705,8.308726298,8.736447851,6.765396554,11.86523438,1.133
Oceanic,HICEAS020827-072126sel.01-2_1,18.63473783,8.121292711,8.121292711,13.23378122,10.51344512,11.90185547,0.776
Oceanic,HICEAS020823-133203sel.09_1,16.17654218,9.703258888,15.45493263,11.12687869,6.473283295,11.90185547,1.114
Oceanic,PICEAS-050807-100000sel.38_1,15.53411731,10.75583483,10.75583483,15.53411731,4.778282482,11.90625,0.466
Oceanic,piceas-050827-085400sel.04_1,19.79570952,11.46051134,11.46051134,19.79570952,8.335198179,11.9140625,0.571
Oceanic,piceas-050827-152400sel.02-3_1,17.14375897,10.69598501,17.14375897,10.69598501,6.447773959,11.9140625,0.236
Oceanic,HICEAS020823-132803sel.16-3_1,17.96670448,3.275182144,12.07943981,3.275182144,14.69152233,11.93847656,1.503
Oceanic,PICEAS-050807-100000sel.47-1_1,19.4106279,11.82399265,14.61098532,19.4106279,7.586635253,11.953125,1.694
Oceanic,PICEAS-050807-100000sel.02_1,18.15572864,11.82399265,13.07082508,18.15572864,6.331735998,11.953125,1.366
Oceanic,ACST1343-810sel.02_1,20.03706141,10.02779266,10.02779266,20.03706141,10.00926874,11.97509766,0.752
Oceanic,ACST1720sel.11-1_1,15.45604142,5.522184193,5.522184193,12.08637257,9.933857226,11.97509766,0.854
Oceanic,PICEAS-050811-183000sel.27_1,21.21977554,7.743431196,7.743431196,21.21977554,13.47634435,12,0.553
Oceanic,PICEAS-050811-183000sel.39_1,20.98471791,11.43539579,13.74271147,16.15170434,9.549322127,12,0.608
Oceanic,PICEAS-050807-100000sel.15_1,13.59047945,8.465149751,8.465149751,10.06046891,5.125329701,12,0.956
Oceanic,PICEAS-050807-113000sel.05-2_1,20.40840246,8.096252507,8.096252507,20.40840246,12.31214995,12.046875,0.737
Oceanic,HICEAS020823-132803sel.15-1_1,21.17460443,9.102728913,9.927203115,15.52562078,12.07187552,12.04833984,1.048
Oceanic,HICEAS020823-132803sel.15-2_1,16.77801418,11.48805108,13.35511605,16.77801418,5.289963097,12.04833984,0.385
Oceanic,Acst1636-b07sel.06_1,12.85807668,3.122627728,3.122627728,5.092151085,9.735448955,12.06054688,0.773
Oceanic,PICEAS-050811-183000sel.17_1,18.77269541,11.3718828,18.77269541,16.15170434,7.400812606,12.09375,0.465
Oceanic,PICEAS-050811-183000sel.31_1,17.26808816,8.371378823,8.418133722,17.26808816,8.89670934,12.09375,0.513
Oceanic,piceas-050827-082400sel.06_1,20.25654978,10.63462511,12.13919823,10.63462511,9.621924674,12.15820313,1.308
Oceanic,piceas-050827-152600sel.17_1,18.90524308,9.64375061,11.13553254,9.64375061,9.261492473,12.15820313,0.722
Oceanic,PICEAS-050807-100000sel.33_1,21.57730801,11.75832137,11.75832137,21.57730801,9.818986639,12.1875,0.71
Oceanic,PICEAS-050807-100000sel.59_1,21.33828989,10.69609617,10.93706013,10.69609617,10.64219371,12.1875,0.836
Oceanic,ACST1335-810sel.01_1,12.82353145,10.39986994,12.76526459,10.39986994,2.423661508,12.19482422,0.491
Oceanic,PICEAS-050807-100000sel.32_1,21.81900346,8.051285359,10.99814458,21.81900346,13.7677181,12.234375,0.929
Oceanic,piceas-050827-082000sel.02_1,14.26102779,12.350536,12.56555306,13.61952683,1.910491791,12.25585938,0.923
Oceanic,Acst0958-b29sel.03-2_1,16.00010535,8.745200221,9.052350517,16.00010535,7.254905134,12.3046875,2.016
Oceanic,Acst1624-b07sel.05-1_1,15.81705558,7.027857164,7.027857164,15.81705558,8.789198416,12.3046875,0.477
Oceanic,ACST1720sel.11-3_1,17.96248185,7.526666407,7.526666407,17.96248185,10.43581544,12.34130859,0.589
Oceanic,Acst1638-b07sel.02_1,19.45697272,6.263987898,6.263987898,19.45697272,13.19298482,12.35351563,0.683
Oceanic,piceas-050827-152000sel.04_1,18.58174361,11.93147679,12.56555306,18.58174361,6.650266817,12.35351563,1.098
Oceanic,piceas-050827-082000sel.06_1,13.46371215,12.06955901,13.46371215,12.06955901,1.394153136,12.35351563,1.055
Oceanic,PICEAS-050807-113000sel.29_1,21.45746614,6.336591938,6.336591938,7.572828881,15.1208742,12.375,1.134
Oceanic,HICEAS021009-131051sel.01_1,14.10684713,9.228203919,9.228203919,9.972608399,4.878643207,12.41455078,0.646
Oceanic,PICEAS-050807-100000sel.50_1,21.57730801,11.82399265,14.85716614,21.57730801,9.753315364,12.46875,1.33
Oceanic,PICEAS-050807-100000sel.17_1,13.81946574,10.46044111,11.56348791,11.8900307,3.359024629,12.46875,0.589
Oceanic,Acst1626-b07sel.05_1,21.70444502,8.745200221,19.23437453,21.70444502,12.95924479,12.5,1.033
Oceanic,Acst1620-b07sel.02_1,20.72811831,4.919372124,4.919372124,20.72811831,15.80874619,12.5,0.796
Oceanic,Acst1628-b07sel.03-2_1,14.26102779,8.897450069,10.09798631,13.77714475,5.363577718,12.5,0.707
Oceanic,HICEAS021119-142433sel.01-3_1,20.40540929,7.77047218,7.77047218,11.13512797,12.63493711,12.56103516,1.053
Oceanic,PICEAS-050807-113000sel.09-2_1,20.98471791,9.050249381,10.46044111,9.050249381,11.93446853,12.5625,0.966
Oceanic,PICEAS-050811-183000sel.10_1,19.95876707,11.24591315,11.24591315,19.95876707,8.712853923,12.5625,0.55
Oceanic,PICEAS-050807-100000sel.24_1,17.07680452,12.15789187,13.43993375,17.07680452,4.918912656,12.5625,0.881
Oceanic,HICEAS021119-142333sel.09-3_1,18.29269206,8.948697731,12.19696052,10.02779266,9.343994327,12.59765625,0.944
Oceanic,piceas-050827-152600sel.25_1,19.45697272,11.13553254,11.13553254,19.45697272,8.321440182,12.64648438,0.615
Oceanic,Acst1628-b07sel.02_1,18.26377974,10.04005696,10.04005696,18.26377974,8.223722785,12.64648438,0.405
Oceanic,Acst1649-b07sel.01-1_1,19.90992725,6.828572459,6.828572459,19.90992725,13.08135479,12.6953125,0.898
Oceanic,Acst1636-b07sel.08_1,15.63609999,6.483992665,12.7109734,15.63609999,9.152107328,12.6953125,1.017
Oceanic,PICEAS-050807-113000sel.10_1,19.30281992,11.12133889,11.12133889,19.30281992,8.181481031,12.703125,1.659
Oceanic,Acst1636-b07sel.10-2_1,17.84827537,6.33648063,6.33648063,17.84827537,11.51179474,12.74414063,0.687
Oceanic,ACST1718sel.03_1,18.29269206,6.104118201,6.131980358,11.28830339,12.18857386,12.78076172,0.974
Oceanic,piceas-050827-152600sel.28_1,20.37342648,10.21484966,12.56555306,12.13919823,10.15857682,12.79296875,1.254
Oceanic,Acst1628-b07sel.04_1,16.56206357,7.705494933,7.705494933,16.56206357,8.856568635,12.79296875,0.919
Oceanic,PICEAS-050807-093000sel.28-2_1,17.85489119,11.69301484,11.8900307,11.8900307,6.161876352,12.796875,0.839
Oceanic,Acst1649-b07sel.02_1,17.34216259,7.617339944,7.749954273,17.34216259,9.72482265,12.84179688,1.133
Oceanic,HICEAS020823-133303sel.06_1,15.95659129,8.121292711,8.121292711,10.43824158,7.835298576,12.85400391,0.768
Oceanic,HICEAS021119-142333sel.10-1_1,20.31269231,7.458423289,20.31269231,8.667924039,12.85426902,12.92724609,1.283
Oceanic,HICEAS020823-132803sel.05-2_1,19.32760982,10.48598426,10.48598426,11.43574599,8.841625552,12.92724609,1.536
Oceanic,HICEAS021119-142433sel.02_1,16.54876456,10.98403104,10.98403104,14.50136183,5.564733516,12.92724609,0.612
Oceanic,HICEAS021009-125551sel.01_1,14.30130054,6.494027608,8.461783007,9.06128419,7.807272934,12.92724609,1.088
Oceanic,PICEAS-050807-093000sel.28-1_1,21.94086455,10.75583483,10.75583483,14.7746484,11.18502972,12.9375,0.961
Oceanic,Acst1647-b07sel.04_1,17.04540997,6.521404152,6.521404152,17.04540997,10.52400582,12.93945313,0.716
Oceanic,HICEAS021119-142233sel.08_1,16.85475387,9.837011797,9.837011797,16.85475387,7.017742075,12.96386719,0.511
Oceanic,PICEAS-050807-100000sel.36_1,21.45746614,12.85424364,12.85424364,21.45746614,8.603222502,12.984375,0.578
Oceanic,PICEAS-050811-183000sel.34-2_1,20.18233264,11.82399265,11.82399265,20.18233264,8.358339998,12.984375,0.591
Oceanic,piceas-050827-082000sel.05_1,14.93274444,11.32939695,12.56555306,13.30968007,3.603347486,13.03710938,1.586
Oceanic,HICEAS020823-133203sel.03_1,21.07819646,8.423256511,9.186187909,11.96969484,12.65493995,13.07373047,1.095
Oceanic,PICEAS-050807-093000sel.12_1,19.4106279,7.323947,7.323947,19.4106279,12.0866809,13.078125,0.336
Oceanic,ACST1735sel.01_1,20.40540929,10.39986994,10.785753,20.40540929,10.00553935,13.18359375,0.659
Oceanic,piceas-050827-090400sel.02_1,13.23332613,12.7109734,13.1574102,12.7109734,0.522352728,13.18359375,0.061
Oceanic,ACST1720sel.04_1,19.40838002,8.707488649,13.23891468,15.8120207,10.70089137,13.22021484,1.226
Oceanic,HICEAS020823-133303sel.03_1,16.39952496,7.017876375,7.017876375,8.423256511,9.38164858,13.25683594,0.956
Oceanic,ACST1337-810sel.01_1,16.02953172,11.03416749,16.02953172,13.79281038,4.99536423,13.25683594,0.892
Oceanic,PICEAS-050811-183000sel.38_1,21.57730801,7.488942451,7.488942451,21.57730801,14.08836556,13.265625,0.747
Oceanic,Acst1628-b07sel.08_1,17.74588476,10.27378753,10.27378753,17.74588476,7.472097234,13.28125,0.541
Oceanic,piceas-050827-082324sel02_1,15.90831719,12.63805407,12.63805407,15.72631752,3.270263117,13.28125,0.504
Oceanic,Acst1624-b07sel.06_1,16.85040135,6.156800872,6.156800872,16.85040135,10.69360048,13.33007813,0.566
Oceanic,PICEAS-050807-100000sel.11_1,20.63700457,10.40234309,10.40234309,20.63700457,10.23466147,13.359375,0.836
Oceanic,Acst1628-b07sel.06-2_1,20.84771588,6.33648063,6.33648063,20.84771588,14.51123525,13.37890625,0.925
Oceanic,ACST1720sel.09_1,14.50136183,6.809114256,6.809114256,12.19696052,7.692247573,13.40332031,0.475
Oceanic,PICEAS-050807-113000sel.22-2_1,19.51903799,11.75832137,11.75832137,12.99822881,7.760716621,13.40625,1.253
Oceanic,piceas-050827-095400sel.01_1,21.95562917,13.38647457,19.34535346,21.95562917,8.569154607,13.42773438,0.973
Oceanic,PICEAS-050811-183000sel.22_1,15.53411731,11.18345256,12.64125093,11.18345256,4.350664745,13.453125,0.588
Oceanic,HICEAS021119-142433sel.07_1,21.55158193,6.625576914,6.625576914,19.14502008,14.92600501,13.4765625,1.249
Oceanic,piceas-050827-090200sel.06_1,17.04540997,13.38647457,15.90831719,14.17921622,3.658935408,13.4765625,0.68
Oceanic,Acst1624-b07sel.05-2_1,14.59302174,5.879850732,5.879850732,14.59302174,8.713171004,13.4765625,0.576
Oceanic,Acst1647-b07sel.03_1,19.45697272,5.42482696,5.42482696,14.34331139,14.03214576,13.52539063,1.171
Oceanic,piceas-050827-085200sel.01_1,19.01432298,12.20923925,19.01432298,15.81705558,6.805083733,13.52539063,0.995
Oceanic,Acst0958-b29sel.03-1_1,18.05483232,9.052350517,9.052350517,9.925193328,9.002481804,13.57421875,0.954
Oceanic,Acst0958-b29sel.02_1,16.27865971,8.303904574,13.85663643,12.20923925,7.974755136,13.57421875,1.398
Oceanic,piceas-050827-085600sel.04_1,13.69810909,11.93147679,13.46371215,11.93147679,1.766632291,13.57421875,0.403
Oceanic,PICEAS-050811-190000sel.01_1,18.66843056,12.50122011,12.50122011,18.66843056,6.167210447,13.6875,0.37
Oceanic,ACST1720sel.07_1,20.78052864,7.15890575,7.15890575,20.78052864,13.62162289,13.69628906,0.739
Oceanic,HICEAS020823-133403sel.04_1,17.48144296,7.379146788,9.484366539,14.56474766,10.10229617,13.69628906,0.934
Oceanic,HICEAS020827-071215sel.04_1,16.85475387,7.865967705,11.43574599,11.12687869,8.988786167,13.69628906,1.03
Oceanic,Acst1003-b29sel.02_1,21.33304664,5.913776428,5.913776428,9.157112791,15.41927022,13.72070313,1.101
Oceanic,piceas-050827-152400sel.05_1,19.12403225,9.588427086,12.63805407,11.19978258,9.535605168,13.72070313,1.317
Oceanic,piceas-050827-152600sel.22-2_1,15.45721463,13.1574102,13.46371215,15.45721463,2.299804431,13.72070313,1.15
Oceanic,piceas-050827-152800sel.01_1,14.59302174,12.78431346,13.30968007,14.59302174,1.808708274,13.72070313,1.31
Oceanic,PICEAS-050807-093000sel.17_1,19.08899697,9.949026165,10.17315996,11.8900307,9.139970803,13.734375,0.774
Oceanic,Acst1743-C04sel.01_1,21.08898516,8.351816631,9.925193328,8.351816631,12.73716853,13.76953125,0.85
Oceanic,piceas-050827-152400sel.02-2_1,20.37342648,13.61952683,14.59302174,20.37342648,6.753899649,13.76953125,1.275
Oceanic,piceas-050827-095200sel.02_1,18.05483232,13.38647457,18.05483232,16.56206357,4.668357755,13.81835938,0.688
Oceanic,Acst1624-b07sel.04_1,17.54286233,7.274690667,10.57361721,17.54286233,10.26817167,13.81835938,0.613
Oceanic,ACST1735sel.02-3_1,18.97143515,6.747377072,13.85576746,9.494486961,12.22405808,13.84277344,0.997
Oceanic,HICEAS020823-132803sel.08_1,16.77801418,9.659079952,9.659079952,16.77801418,7.118934229,13.84277344,0.731
Oceanic,piceas-050827-085000sel.01_1,20.72811831,12.13919823,20.72811831,16.75373527,8.588920084,13.8671875,1.334
Oceanic,PICEAS-050811-190000sel.07_1,13.89664869,13.59047945,13.66638349,13.59047945,0.306169239,13.875,0.245
Oceanic,HICEAS021119-142333sel.01_1,21.16254393,9.323097398,9.323097398,21.16254393,11.83944653,13.87939453,1.007
Oceanic,HICEAS020827-071115sel.01_1,20.137932,9.792223884,9.792223884,12.13468905,10.34570811,13.95263672,0.73
Oceanic,HICEAS021119-144218sel.03_1,17.47830931,13.91901191,17.24113926,17.47830931,3.559297399,13.95263672,0.851
Oceanic,ACST1335-810sel.04_1,17.96248185,8.827269335,8.827269335,17.88086491,9.135212514,13.98925781,0.908
Oceanic,piceas-050827-152600sel.25-2_1,15.10556014,13.69810909,15.10556014,13.77714475,1.407451052,14.01367188,0.577
Oceanic,HICEAS020823-133103 sel.06-1_1,16.93184456,8.461783007,9.270412104,8.461783007,8.47006155,14.02587891,1.453
Oceanic,piceas-050827-152600sel.06_1,17.14375897,13.77714475,17.14375897,14.0169984,3.36661422,14.0625,1.731
Oceanic,piceas-050827-152600sel.26_1,15.36854088,13.08192979,13.30968007,15.36854088,2.286611091,14.0625,1.261
Oceanic,PICEAS-050811-183000sel.08_1,14.28907791,12.99822881,12.99822881,13.43993375,1.290849101,14.109375,0.543
Oceanic,HICEAS021119-142333sel.09-4_1,21.35617707,7.77047218,7.77047218,12.19696052,13.58570489,14.13574219,1.162
Oceanic,Acst1649-b07sel.02_2,16.65762374,10.45264937,10.69598501,10.45264937,6.204974371,14.16015625,0.353
Oceanic,ACST1740sel.01_1,20.49854948,8.867561275,10.11954501,20.49854948,11.6309882,14.17236328,0.819
Oceanic,HICEAS020827-071115sel.02_1,19.68364758,10.87587141,11.54059541,19.68364758,8.807776171,14.17236328,0.681
Oceanic,ACST1720sel.08-1_1,14.70084335,12.53483264,12.82353145,14.56755308,2.166010708,14.17236328,0.538
Oceanic,piceas-050827-095800sel.03_1,21.21066487,11.93147679,14.93274444,12.350536,9.279188075,14.20898438,1.535
Oceanic,PICEAS-050807-113000sel.21_1,19.737678,11.12133889,11.8900307,19.737678,8.616339103,14.25,1.136
Oceanic,PICEAS-050807-093000sel.01_1,19.08899697,12.15789187,19.08899697,12.15789187,6.931105102,14.25,0.289
Oceanic,Acst1636-b07sel.09_1,18.90524308,8.068435763,8.546245295,18.90524308,10.83680732,14.30664063,0.586
Oceanic,Acst1003-b29sel.01_1,17.84827537,10.09798631,10.09798631,17.84827537,7.750289064,14.30664063,0.779
Oceanic,piceas-050827-095600sel.01_1,20.9680035,12.7109734,14.26102779,12.7109734,8.257030104,14.35546875,1.213
Oceanic,PICEAS-050807-113000sel.28_1,15.44783974,11.95643759,13.74271147,11.95643759,3.491402158,14.390625,0.566
Oceanic,HICEAS020823-133103 sel.06-2_1,21.36874525,10.11007411,11.17777108,10.67914868,11.25867114,14.46533203,1.667
Oceanic,HICEAS021119-142533sel.01_1,21.35617707,10.83498441,10.83498441,19.05802999,10.52119267,14.46533203,1.173
Oceanic,piceas-050827-095400sel.02_1,21.95562917,13.46371215,16.09242313,13.46371215,8.491917022,14.50195313,1.002
Oceanic,piceas-050827-082324sel.05_1,18.36915851,11.66003349,11.66003349,13.46371215,6.709125026,14.50195313,0.922
Oceanic,HICEAS021119-142433sel.06_1,17.88086491,10.21213687,10.21213687,16.77641026,7.668728035,14.53857422,0.938
Oceanic,ACST1720sel.08-4_1,19.67536275,12.47787755,13.29934351,12.53483264,7.197485193,14.57519531,0.713
Oceanic,piceas-050827-100600sel.01_1,21.21066487,13.61952683,18.36915851,14.50930562,7.591138038,14.6484375,0.744
Oceanic,piceas-050827-152600sel.13_1,20.14034357,13.77714475,20.024804,13.77714475,6.363198824,14.6484375,0.675
Oceanic,ACST1735sel.03-2_1,15.74017491,5.373335611,5.373335611,13.85576746,10.3668393,14.6484375,0.793
Oceanic,Acst1636-b07sel.07_1,19.34535346,10.04005696,10.04005696,19.34535346,9.305296502,14.69726563,0.519
Oceanic,ACST1722sel.03-1_1,14.76794513,7.191582469,7.191582469,9.891721605,7.576362661,14.75830078,0.978
Oceanic,piceas-050827-152600sel.27_1,21.08898516,11.32939695,21.08898516,11.32939695,9.759588212,14.79492188,1.066
Oceanic,piceas-050827-090200sel.05_1,16.09242313,11.13553254,11.13553254,14.50930562,4.956890589,14.79492188,0.486
Oceanic,PICEAS-050807-113000sel.19_1,19.84791469,11.43539579,11.43539579,16.06199665,8.412518907,14.8125,1.167
Oceanic,HICEAS020823-133403sel.06_1,16.6255814,7.312105249,7.345549534,8.539365446,9.313476147,14.83154297,1.022
Oceanic,Acst1636-b07sel.04_1,20.14034357,8.022149384,8.695031431,20.14034357,12.11819419,14.84375,1.014
Oceanic,HICEAS020823-132803sel.16-1_1,19.06481415,8.776406829,17.48144296,8.776406829,10.28840733,14.86816406,1.15
Oceanic,piceas-050827-085400sel.01_1,16.27865971,14.26102779,16.27865971,14.76190584,2.017631924,14.89257813,0.541
Oceanic,ACST1335-810sel.02_1,16.17619881,14.50136183,14.50136183,16.17619881,1.674836977,14.90478516,1.338
Oceanic,HICEAS020823-133303sel.07_1,14.96904561,8.195753341,10.63052652,8.233239278,6.773292268,14.90478516,1.013
Oceanic,ACST1720sel.02_1,20.97066642,8.787160471,8.787160471,20.97066642,12.18350595,14.94140625,0.572
Oceanic,piceas-050827-152600sel.25-3_1,20.37342648,10.39268541,20.14034357,10.39268541,9.980741066,14.94140625,1.309
Oceanic,PICEAS-050811-190000sel.05_1,21.45746614,12.43178746,12.43178746,21.21977554,9.025678678,14.953125,0.465
Oceanic,ACST1735sel.04-3_1,16.17619881,7.093997061,8.022175373,7.126377505,9.082201745,14.97802734,1.7
Oceanic,piceas-050827-085600sel.05_1,15.28037582,13.85663643,15.10556014,13.85663643,1.423739393,14.99023438,0.278
Oceanic,Acst1622-b07sel.05_1,20.9680035,7.232957784,7.232957784,20.9680035,13.73504572,15.0390625,0.812
Oceanic,ACST1337-810sel.03_1,15.3858131,7.77047218,9.323097398,13.05927064,7.615340924,15.05126953,4.194
Oceanic,HICEAS020823-133603sel.03_1,20.137932,10.11007411,14.432423,19.95497345,10.02785788,15.16113281,1.662
Oceanic,HICEAS021119-144118sel.01_1,20.59211481,13.73013937,17.63823243,20.59211481,6.86197544,15.19775391,0.972
Oceanic,PICEAS-050807-093000sel.09_1,20.29505278,13.97426272,18.35909771,20.29505278,6.320790059,15.234375,0.54
Oceanic,HICEAS021126-131649sel.01_1,20.68610721,10.59105417,10.59105417,20.68610721,10.09505304,15.38085938,0.956
Oceanic,piceas-050827-085800sel.02_1,15.81705558,14.26102779,14.93274444,14.67722088,1.556027793,15.38085938,0.424
Oceanic,Acst0958-b29sel.01_1,15.63609999,6.828572459,6.828572459,15.54640002,8.807527533,15.38085938,1.202
Oceanic,HICEAS021119-142433sel.03_1,19.85538848,9.280735617,9.280735617,19.76517065,10.57465286,15.45410156,0.323
Oceanic,ACST1720sel.08-2_1,18.62897263,6.565503835,11.9767873,6.565503835,12.06346879,15.49072266,1.18
Oceanic,ACST1729sel.01_1,16.17619881,6.965939898,6.965939898,11.9767873,9.210258907,15.49072266,0.961
Oceanic,PICEAS-050807-100000sel.19_1,21.10191944,10.69609617,10.69609617,21.10191944,10.40582326,15.515625,0.508
Oceanic,piceas-050827-082324sel04_1,16.94762518,11.26440334,11.26440334,16.94762518,5.683221838,15.57617188,1.127
Oceanic,piceas-050827-090200sel.03-1_1,15.90831719,14.0169984,14.17921622,15.90831719,1.891318789,15.57617188,0.755
Oceanic,HICEAS020823-132803sel.04_1,16.4745335,13.60113331,13.60113331,15.3145204,2.87340019,15.63720703,0.317
Oceanic,ACST1718sel.02-2_1,18.97143515,11.70715142,11.70715142,12.99993264,7.264283735,15.67382813,0.816
Oceanic,HICEAS020823-133303sel.10_1,16.02957393,12.24594678,12.24594678,12.35822458,3.783627157,15.67382813,0.54
Oceanic,PICEAS-050807-113000sel.26_1,20.86816733,10.99814458,10.99814458,20.86816733,9.870022748,15.703125,0.758
Oceanic,ACST1721sel.04-1_1,16.10269828,10.88444053,12.42118125,10.98403104,5.218257744,15.74707031,0.669
Oceanic,piceas-050827-095600sel.02_1,21.95562917,13.46371215,14.50930562,18.58174361,8.491917022,15.8203125,0.994
Oceanic,HICEAS020823-132903 sel.03_1,15.81162135,7.212683253,7.212683253,8.696670806,8.598938096,15.85693359,0.884
Oceanic,HICEAS020823-133603sel.04_1,19.41601091,9.927203115,13.60113331,19.41601091,9.488807795,16.04003906,1.609
Oceanic,HICEAS020823-132803sel.18_1,18.04888103,7.212683253,7.345549534,7.212683253,10.83619778,16.07666016,0.907
Oceanic,HICEAS020823-132603sel.02_1,20.6969341,10.97558759,11.59338007,20.6969341,9.721346512,16.36962891,0.554
Oceanic,ACST1720sel.08-3_1,19.32019328,8.948697731,13.17876042,16.32420787,10.37149555,16.55273438,1.251
Oceanic,ACST1721sel.02-1_1,18.79942409,5.779484341,14.70084335,11.03416749,13.01993975,16.58935547,1.246
Oceanic,HICEAS021119-142433sel.04_1,19.49696928,7.949439552,9.846776142,8.132528852,11.54752973,17.06542969,1.188
Oceanic,ACST1721sel.06-2_1,19.32019328,6.417693293,11.92236783,10.35261558,12.90249999,17.13867188,1.322
Oceanic,ACST1720sel.05-2_1,19.14502008,6.747377072,11.18595409,6.747377072,12.39764301,17.28515625,1.197
Oceanic,ACST1740sel.02-1_1,18.97143515,6.840194357,18.88523379,8.867561275,12.1312408,18.09082031,1.49
Oceanic,HICEAS020823-132903 sel.06_1,18.54989387,8.158438077,8.158438077,18.54989387,10.39145579,18.49365234,1.18
Oceanic,ACST1721sel.04-2_1,19.32019328,9.625093639,17.88086491,14.04636815,9.695099644,18.78662109,1.081
Oceanic,HICEAS021119-143615sel.01_1,21.25914004,9.625093639,9.625093639,9.757496948,11.63404641,19.18945313,1.249
Oceanic,HICEAS020823-132903 sel.04_1,21.36874525,10.06404294,12.70127239,10.39071627,11.3047023,20.32470703,1.189