Ecotype,pc_1_value,pc_2_value,k2,# km_cats_3_value,# km_cats_4_value,# km_cats_5_value,# km_cats_6_value,# km_cats_7_value,# km_cats_8_value,# km_cats_9_value,# km_cats_10_value
Coastal,-0.124139169,-0.05202797,2,2,2,4,6,4,2,8,10
Coastal,-0.117800375,-0.178205425,2,2,2,4,6,4,2,9,9
Coastal,0.185452083,-0.089511777,2,1,4,3,1,1,3,2,4
Coastal,0.173755832,0.067486943,1,1,4,5,4,2,5,1,7
Coastal,0.011279665,0.09722342,1,3,3,5,5,5,7,3,3
Coastal,0.025441904,-0.104991174,2,1,1,2,3,3,4,4,6
Coastal,0.03026183,0.055272197,1,3,3,5,4,5,7,3,3
Coastal,0.038639406,0.039343493,1,3,3,5,4,5,7,3,5
Coastal,0.089348154,-0.076171339,2,1,1,2,3,3,4,5,5
Coastal,0.016995248,-0.116647649,2,1,1,2,3,3,4,4,6
Coastal,-0.097685399,-0.123008735,2,2,2,4,6,4,2,9,9
Coastal,0.196073484,-0.187535151,2,1,4,3,1,1,3,2,4
Coastal,-0.124467058,0.0858737,1,3,3,1,2,6,1,7,8
Coastal,0.041076902,-0.064723199,2,1,1,2,3,3,4,5,5
Coastal,0.055060882,0.227044861,1,3,3,5,5,2,6,6,3
Coastal,0.068140482,-0.065245102,2,1,1,2,3,3,4,5,5
Coastal,0.351009763,0.042550772,1,1,4,3,1,1,3,2,4
Coastal,0.170185197,0.042876129,1,1,4,3,4,2,5,1,7
Coastal,0.176010329,0.018516536,1,1,4,3,1,1,3,2,4
Coastal,0.088829947,-0.101424308,2,1,1,2,3,3,4,5,6
Coastal,0.255277754,-0.113998261,2,1,4,3,1,1,3,2,4
Coastal,-0.058774141,0.121922716,1,3,3,1,5,7,6,6,2
Coastal,0.129240699,0.063695245,1,1,4,5,4,2,5,1,7
Coastal,-0.079225583,0.164691968,1,3,3,1,5,7,6,6,2
Coastal,-0.096286693,-0.037587944,2,2,2,4,2,6,8,8,10
Coastal,-0.080841681,-0.034376874,2,2,2,4,2,6,8,8,10
Coastal,-0.163491834,-0.049870863,2,2,2,4,6,4,2,9,1
Coastal,0.235531369,-0.03299016,2,1,4,3,1,1,3,2,4
Coastal,0.354304767,-0.171843211,2,1,4,3,1,1,3,2,4
Coastal,0.216210903,-0.065698234,2,1,4,3,1,1,3,2,4
Coastal,0.323666837,0.008161657,1,1,4,3,1,1,3,2,4
Coastal,0.121955131,0.078271254,1,1,4,5,4,2,5,1,7
Coastal,0.002032253,0.223947665,1,3,3,1,5,7,6,6,2
Coastal,-0.004569385,-0.133986519,2,2,1,2,3,3,8,4,6
Coastal,-0.07257258,-0.065354948,2,2,2,4,6,4,8,8,10
Coastal,-0.025011697,-0.136691405,2,2,1,2,3,3,8,4,6
Coastal,-0.031276773,-0.15100499,2,2,1,2,3,3,8,4,6
Coastal,-0.113277139,0.135801643,1,3,3,1,5,7,1,6,2
Coastal,0.110772473,-0.085890709,2,1,4,3,1,1,4,5,6
Coastal,0.074621999,-0.05570059,2,1,1,2,3,3,4,5,5
Coastal,0.144537061,-0.044916851,2,1,4,3,1,1,3,2,4
Coastal,0.019468172,-0.118756345,2,1,1,2,3,3,4,4,6
Coastal,0.009670409,-0.152986192,2,2,1,2,3,3,4,4,6
Coastal,0.172254788,-0.021303487,2,1,4,3,1,1,3,2,4
Coastal,0.274323482,-0.119758326,2,1,4,3,1,1,3,2,4
Coastal,-0.011337886,-0.134772065,2,2,1,2,3,3,8,4,6
Coastal,0.282547245,-0.111705477,2,1,4,3,1,1,3,2,4
Coastal,0.027655987,-0.12948734,2,1,1,2,3,3,4,4,6
Coastal,0.02886415,-0.144189478,2,1,1,2,3,3,4,4,6
Coastal,-0.072114206,-0.187779062,2,2,2,4,6,4,2,9,9
Coastal,-0.193357796,-0.126358927,2,2,2,4,6,4,2,9,9
Coastal,0.001975206,-0.073107298,2,2,1,2,3,3,8,4,10
Coastal,0.056180272,-0.008160012,2,1,1,2,3,3,4,5,5
Coastal,-0.017240475,-0.123952936,2,2,1,2,3,3,8,4,6
Coastal,-0.012015906,-0.174073414,2,2,1,2,3,3,8,4,6
Coastal,-0.141664949,-0.129230687,2,2,2,4,6,4,2,9,9
Coastal,-0.214689169,-0.16333676,2,2,2,4,6,4,2,9,9
Coastal,-0.040262578,-0.106352211,2,2,1,2,3,3,8,8,10
Coastal,0.054924052,-0.12703398,2,1,1,2,3,3,4,4,6
Coastal,0.09619541,-0.093570091,2,1,1,2,3,3,4,5,6
Coastal,0.060668191,-0.095503984,2,1,1,2,3,3,4,4,6
Coastal,-0.043846319,-0.144249622,2,2,1,2,3,3,8,4,10
Coastal,-0.16167804,-0.150375389,2,2,2,4,6,4,2,9,9
Coastal,-0.139155705,-0.141567761,2,2,2,4,6,4,2,9,9
Coastal,-0.370852557,0.260448167,1,3,3,1,2,7,1,7,2
Coastal,-0.266927256,-0.114692564,2,2,2,4,6,4,2,9,1
Coastal,0.107259433,-0.033377887,2,1,4,3,1,1,4,5,5
Coastal,0.11442078,-0.053299822,2,1,4,3,1,1,4,5,5
Coastal,0.103289614,-0.067291795,2,1,4,3,1,1,4,5,5
Coastal,-0.017347979,-0.178545152,2,2,1,2,3,3,8,4,6
Coastal,0.301953724,-0.28499332,2,1,4,3,1,1,3,2,4
Coastal,-0.071970988,-0.243780163,2,2,2,4,6,4,2,9,9
Coastal,0.106058695,0.03244738,1,1,4,5,4,5,7,5,5
Coastal,0.064759978,-0.098186624,2,1,1,2,3,3,4,4,6
Coastal,0.084064345,-0.085456588,2,1,1,2,3,3,4,5,6
Coastal,-0.078024251,-0.038109874,2,2,2,4,2,6,8,8,10
Coastal,-0.15198976,-0.074689554,2,2,2,4,6,4,2,9,1
Coastal,0.019091324,-0.139147624,2,1,1,2,3,3,4,4,6
Coastal,-0.072908579,-0.115408917,2,2,2,4,6,4,8,8,10
Coastal,-0.186216193,-0.147789381,2,2,2,4,6,4,2,9,9
Coastal,-0.095575199,-0.145725065,2,2,2,4,6,4,2,9,9
Coastal,0.076549874,-0.111509336,2,1,1,2,3,3,4,4,6
Coastal,-0.004009432,-0.052162141,2,2,1,2,3,3,8,8,10
Coastal,0.02781067,-0.138072582,2,1,1,2,3,3,4,4,6
Coastal,-0.109636178,-0.11922867,2,2,2,4,6,4,2,9,9
Coastal,0.028772218,-0.193447343,2,1,1,2,3,3,4,4,6
Coastal,-0.183104842,-0.145971678,2,2,2,4,6,4,2,9,9
Coastal,-0.194419053,-0.122817714,2,2,2,4,6,4,2,9,9
Coastal,-0.196497484,-0.122108484,2,2,2,4,6,4,2,9,9
Coastal,0.010752144,0.104904607,1,3,3,5,5,5,7,3,3
Coastal,-0.092695875,0.003154266,2,2,2,4,2,6,1,8,8
Coastal,-0.302110708,0.021029623,1,2,2,4,2,6,1,7,1
Coastal,-0.133511079,-0.159612967,2,2,2,4,6,4,2,9,9
Coastal,-0.172127521,-0.120806512,2,2,2,4,6,4,2,9,9
Coastal,-0.425299568,-0.079417051,2,2,2,4,6,4,2,9,1
Coastal,-0.118455535,-0.186400725,2,2,2,4,6,4,2,9,9
Coastal,-0.080198414,-0.134093227,2,2,2,4,6,4,2,9,9
Coastal,-0.153730909,-0.187583597,2,2,2,4,6,4,2,9,9
Coastal,0.047107637,-0.085123304,2,1,1,2,3,3,4,5,6
Coastal,-0.018705803,0.05246903,1,3,3,1,2,5,7,3,8
Coastal,0.064835581,0.171917255,1,3,3,5,4,2,6,3,3
Coastal,-0.013233295,0.148553194,1,3,3,1,5,7,6,6,3
Coastal,0.067646321,0.079525333,1,3,3,5,4,5,7,3,3
Coastal,0.223443117,0.100453132,1,1,4,5,4,2,5,1,7
Coastal,-0.069986893,-0.033284531,2,2,2,4,2,6,8,8,10
Coastal,0.060035056,0.088989552,1,3,3,5,4,5,7,3,3
Coastal,0.190139093,0.036825027,1,1,4,3,1,1,5,1,7
Coastal,0.055857819,0.023696625,1,1,1,5,4,5,7,5,5
Coastal,0.10702862,-0.147872628,2,1,1,2,3,3,4,4,6
Coastal,0.050863667,-0.127080011,2,1,1,2,3,3,4,4,6
Coastal,-0.024948593,-0.132385469,2,2,1,2,3,3,8,4,10
Coastal,-0.21235129,-0.132433524,2,2,2,4,6,4,2,9,9
Coastal,-0.225053465,-0.107417218,2,2,2,4,6,4,2,9,1
Coastal,0.395632478,0.241466236,1,1,4,5,4,2,5,1,7
Coastal,-0.008127431,0.093067414,1,3,3,1,5,5,7,3,3
Coastal,-0.108897495,0.092848724,1,3,3,1,2,6,1,7,8
Coastal,0.039815636,-0.049648542,2,1,1,2,3,3,4,5,5
Coastal,0.138332134,-0.01989663,2,1,4,3,1,1,3,2,4
Coastal,0.09031186,-0.022817073,2,1,4,2,3,1,4,5,5
Coastal,0.225752221,-0.01704967,2,1,4,3,1,1,3,2,4
Coastal,0.06567749,-0.059595005,2,1,1,2,3,3,4,5,5
Coastal,0.221765144,-0.04152271,2,1,4,3,1,1,3,2,4
Coastal,0.060385098,-0.091010818,2,1,1,2,3,3,4,5,6
Coastal,0.226173999,0.154445758,1,3,4,5,4,2,5,1,7
Coastal,0.182415661,0.061412296,1,1,4,3,4,2,5,1,7
Coastal,0.16944167,-0.0585499,2,1,4,3,1,1,3,2,4
Coastal,0.161572499,0.022213654,1,1,4,3,1,1,5,1,7
Coastal,0.046956263,0.032262822,1,3,3,5,4,5,7,3,5
Coastal,-0.032060253,-0.125428247,2,2,1,2,3,3,8,4,10
Coastal,-0.08049252,-0.124946528,2,2,2,4,6,4,8,9,10
Coastal,-0.106931846,-0.190144691,2,2,2,4,6,4,2,9,9
Coastal,-0.28877314,-0.044166677,2,2,2,4,6,4,2,9,1
Coastal,-0.295261434,0.088893821,1,2,2,1,2,6,1,7,1
Coastal,-0.112646654,-0.229027731,2,2,2,4,6,4,2,9,9
Coastal,0.044950514,-0.109962145,2,1,1,2,3,3,4,4,6
Coastal,0.133354352,-0.044328734,2,1,4,3,1,1,3,2,4
Coastal,0.199874439,0.080616642,1,1,4,3,4,2,5,1,7
Coastal,0.064722676,0.121196435,1,3,3,5,4,5,7,3,3
Coastal,0.116882742,0.137035968,1,3,3,5,4,2,5,1,7
Coastal,0.084429112,0.146652671,1,3,3,5,4,2,5,1,7
Coastal,0.059518313,0.188100961,1,3,3,5,5,2,6,3,3
Coastal,0.181531096,0.147954216,1,3,4,5,4,2,5,1,7
Coastal,0.155408445,-0.032614667,2,1,4,3,1,1,3,2,4
Coastal,0.039594349,-0.124538984,2,1,1,2,3,3,4,4,6
Coastal,0.050721009,0.199980578,1,3,3,5,5,2,6,3,3
Coastal,0.09166577,-0.027210258,2,1,4,2,3,1,4,5,5
Coastal,0.157888805,0.071409861,1,1,4,5,4,2,5,1,7
Coastal,0.060340478,-0.089329037,2,1,1,2,3,3,4,5,6
Coastal,0.159899616,-0.006396777,2,1,4,3,1,1,3,2,4
Coastal,0.048659831,-0.125032317,2,1,1,2,3,3,4,4,6
Coastal,0.22493881,-0.104398108,2,1,4,3,1,1,3,2,4
Coastal,-0.152976925,-0.174837734,2,2,2,4,6,4,2,9,9
Coastal,0.165962634,0.136305763,1,3,4,5,4,2,5,1,7
Coastal,0.143269894,0.088560044,1,1,4,5,4,2,5,1,7
Coastal,0.113923902,0.109663711,1,3,3,5,4,2,5,1,7
Coastal,0.155239412,-0.025770296,2,1,4,3,1,1,3,2,4
Coastal,0.144281827,-0.04389214,2,1,4,3,1,1,3,2,4
Coastal,0.098838297,0.085811591,1,3,3,5,4,2,5,1,7
Coastal,0.084894167,-0.108755359,2,1,1,2,3,3,4,4,6
Coastal,0.054168408,-0.154419582,2,1,1,2,3,3,4,4,6
Coastal,-0.248153759,-0.052577965,2,2,2,4,6,4,2,9,1
Coastal,-0.279121769,-0.09437822,2,2,2,4,6,4,2,9,1
Coastal,0.055999597,-0.070902525,2,1,1,2,3,3,4,5,5
Coastal,0.054522573,-0.096791117,2,1,1,2,3,3,4,4,6
Coastal,0.04521058,-0.130235414,2,1,1,2,3,3,4,4,6
Coastal,-0.067370313,-0.07333557,2,2,2,4,6,4,8,8,10
Coastal,0.038302884,0.062039492,1,3,3,5,4,5,7,3,3
Coastal,0.042615789,-0.099744124,2,1,1,2,3,3,4,4,6
Coastal,-0.064173117,-0.207789554,2,2,2,4,6,4,2,9,9
Coastal,-0.263179204,-0.09665551,2,2,2,4,6,4,2,9,1
Coastal,-0.298819167,-0.093487059,2,2,2,4,6,4,2,9,1
Coastal,0.152717964,-0.06699064,2,1,4,3,1,1,3,2,4
Coastal,0.179246056,-0.124968208,2,1,4,3,1,1,3,2,4
Coastal,0.103377716,-0.055840828,2,1,4,3,1,1,4,5,5
Coastal,-0.063442624,0.266857768,1,3,3,1,5,7,6,6,2
Coastal,0.224582641,0.153439758,1,3,4,5,4,2,5,1,7
Coastal,0.230328233,0.09690965,1,1,4,3,4,2,5,1,7
Coastal,0.203601575,-0.144432912,2,1,4,3,1,1,3,2,4
Coastal,0.149017407,-0.27438915,2,1,1,3,1,1,3,4,6
Coastal,0.226231144,-0.177168116,2,1,4,3,1,1,3,2,4
Coastal,0.165716733,0.017304129,1,1,4,3,1,1,3,2,4
Coastal,0.315290377,0.196905696,1,1,4,5,4,2,5,1,7
Coastal,0.344828197,0.130818691,1,1,4,3,4,2,5,1,7
Coastal,0.183471105,-0.091162018,2,1,4,3,1,1,3,2,4
Coastal,-0.183446106,0.101203725,1,3,3,1,2,6,1,7,8
Coastal,-0.012728081,0.109955976,1,3,3,1,5,5,7,3,3
Coastal,-0.041849276,-0.306322567,2,2,1,4,6,4,2,4,9
Coastal,0.162997173,-0.154037353,2,1,4,3,1,1,3,2,4
Coastal,0.008672237,-0.311510856,2,2,1,2,3,3,4,4,6
Coastal,-0.105497909,-0.153554305,2,2,2,4,6,4,2,9,9
Coastal,0.224111827,0.031228216,1,1,4,3,1,1,3,2,4
Coastal,0.34498278,-0.084938428,2,1,4,3,1,1,3,2,4
Coastal,0.096475917,-0.121720866,2,1,1,2,3,3,4,4,6
Coastal,0.033239199,0.020816158,1,1,1,5,4,5,7,5,5
Coastal,0.03741686,0.041744912,1,3,3,5,4,5,7,3,5
Coastal,0.189808914,0.190402545,1,3,4,5,4,2,5,1,7
Coastal,0.211937808,-0.085081889,2,1,4,3,1,1,3,2,4
Coastal,0.181654352,-0.08080933,2,1,4,3,1,1,3,2,4
Coastal,0.20427872,0.0578866,1,1,4,3,4,2,5,1,7
Coastal,0.058829421,-0.016542352,2,1,1,2,3,3,4,5,5
Coastal,0.26357033,0.005301262,1,1,4,3,1,1,3,2,4
Coastal,0.447360656,-0.008824988,2,1,4,3,1,1,3,2,4
Coastal,0.13653664,0.209556363,1,3,3,5,4,2,5,1,7
Coastal,-0.042777624,-0.140860625,2,2,1,2,3,3,8,4,10
Coastal,0.267798933,-0.056162073,2,1,4,3,1,1,3,2,4
Coastal,-0.006591133,7.57E-04,2,2,1,2,3,5,7,5,5
Coastal,0.242514926,-0.078305115,2,1,4,3,1,1,3,2,4
Coastal,0.23172248,0.02487092,1,1,4,3,1,1,3,2,4
Coastal,0.230792635,-0.08001183,2,1,4,3,1,1,3,2,4
Coastal,0.12853874,-0.090547643,2,1,4,3,1,1,4,2,4
Coastal,0.054530234,-0.090632499,2,1,1,2,3,3,4,4,6
Coastal,0.097307013,-0.07573517,2,1,1,2,3,1,4,5,5
Coastal,0.01078544,-0.117573257,2,2,1,2,3,3,4,4,6
Coastal,0.050072203,-0.170677562,2,1,1,2,3,3,4,4,6
Coastal,-0.200075814,-0.131004375,2,2,2,4,6,4,2,9,9
Coastal,-0.046236351,-0.159549831,2,2,1,2,6,4,8,4,10
Coastal,0.196677441,0.212292906,1,3,3,5,4,2,5,1,7
Coastal,-0.125087041,-0.052424868,2,2,2,4,6,4,2,8,10
Coastal,-0.072685377,-0.212511744,2,2,2,4,6,4,2,9,9
Coastal,0.028267219,-0.040712948,2,1,1,2,3,3,4,5,5
Coastal,-0.069912359,-0.073068149,2,2,2,4,6,4,8,8,10
Coastal,0.026723005,-0.018227865,2,1,1,2,3,3,4,5,5
Coastal,-0.028034636,-0.010136963,2,2,1,2,3,3,8,8,10
Coastal,0.022285464,-0.040905642,2,1,1,2,3,3,4,5,5
Coastal,0.157854667,-0.068487563,2,1,4,3,1,1,3,2,4
Coastal,0.113381322,-0.106849058,2,1,1,3,1,1,4,5,6
Coastal,-0.053240891,-0.073868502,2,2,1,4,3,3,8,8,10
Coastal,0.049288295,-0.008560802,2,1,1,2,3,3,4,5,5
Coastal,0.21695772,-0.076589903,2,1,4,3,1,1,3,2,4
Coastal,0.014418914,-0.023221437,2,1,1,2,3,3,4,5,5
Coastal,0.147128398,-0.002658647,2,1,4,3,1,1,3,2,4
Coastal,0.095393196,-0.05264952,2,1,1,2,3,1,4,5,5
Coastal,0.060453595,-0.022104443,2,1,1,2,3,3,4,5,5
Coastal,0.02705061,-0.026356458,2,1,1,2,3,3,4,5,5
Coastal,0.034644221,-0.013167092,2,1,1,2,3,3,4,5,5
Coastal,0.086624531,-0.017127053,2,1,4,2,3,1,4,5,5
Coastal,0.023570928,-0.041949952,2,1,1,2,3,3,4,5,5
Coastal,0.144187969,-0.059658133,2,1,4,3,1,1,3,2,4
Coastal,0.204070149,-0.131140659,2,1,4,3,1,1,3,2,4
Coastal,0.052306168,-0.132931078,2,1,1,2,3,3,4,4,6
Coastal,0.034928367,-0.091168032,2,1,1,2,3,3,4,4,6
Coastal,-0.126204939,-0.127204543,2,2,2,4,6,4,2,9,9
Coastal,-0.062689554,-0.151761697,2,2,2,4,6,4,8,9,9
Coastal,-0.127515034,-0.135565634,2,2,2,4,6,4,2,9,9
Coastal,-0.081732488,-0.117568927,2,2,2,4,6,4,8,8,10
Coastal,-0.123393282,-0.222587908,2,2,2,4,6,4,2,9,9
Coastal,-0.155833453,-0.164199938,2,2,2,4,6,4,2,9,9
Coastal,-0.130288777,-0.200523828,2,2,2,4,6,4,2,9,9
Coastal,-0.155558428,-0.183814719,2,2,2,4,6,4,2,9,9
Coastal,-0.339670999,0.031576214,1,2,2,4,2,6,1,7,1
Coastal,-0.148137149,-0.194634076,2,2,2,4,6,4,2,9,9
Coastal,-0.320241945,-0.033442915,2,2,2,4,6,4,1,7,1
Coastal,0.001997114,-0.326012392,2,2,1,2,3,3,2,4,6
Coastal,-0.34902428,-0.065119145,2,2,2,4,6,4,2,9,1
Coastal,0.097176435,0.171019341,1,3,3,5,4,2,5,1,7
Coastal,0.122694603,-0.063719439,2,1,4,3,1,1,4,5,4
Coastal,0.053931002,-0.078487775,2,1,1,2,3,3,4,5,6
Coastal,0.018180244,-0.144196414,2,1,1,2,3,3,4,4,6
Coastal,0.094908121,-0.224350538,2,1,1,2,3,3,4,4,6
Coastal,-0.027287636,-0.198398511,2,2,1,2,3,3,8,4,6
Coastal,-0.021915397,-0.196339405,2,2,1,2,3,3,8,4,6
Coastal,-0.203507588,-0.076466351,2,2,2,4,6,4,2,9,1
Coastal,0.046296747,-0.266964186,2,1,1,2,3,3,4,4,6
Coastal,0.067140125,0.002134052,2,1,1,2,4,5,7,5,5
Coastal,0.136526193,-0.11560216,2,1,4,3,1,1,3,2,4
Coastal,0.1163202,-0.145415043,2,1,1,3,1,1,4,4,6
Coastal,0.150266824,0.056528968,1,1,4,5,4,2,5,1,7
Coastal,0.179357525,0.123899021,1,3,4,5,4,2,5,1,7
Coastal,0.145989589,0.113288142,1,3,4,5,4,2,5,1,7
Coastal,0.157364713,0.046191456,1,1,4,3,4,2,5,1,7
Coastal,0.122302045,0.093300408,1,3,4,5,4,2,5,1,7
Coastal,-0.00293988,-0.086774449,2,2,1,2,3,3,8,4,10
Coastal,-0.059561155,-0.058683502,2,2,2,4,3,3,8,8,10
Coastal,0.024058564,-0.055779688,2,1,1,2,3,3,4,5,5
Coastal,0.037936308,-0.046457103,2,1,1,2,3,3,4,5,5
Coastal,0.134041262,-0.092092587,2,1,4,3,1,1,3,2,4
Coastal,-0.367805758,-0.073582731,2,2,2,4,6,4,2,9,1
Coastal,-0.360108786,-0.016669478,2,2,2,4,6,4,1,7,1
Coastal,0.108795411,0.146534081,1,3,3,5,4,2,5,1,7
Coastal,0.132539245,-0.040219278,2,1,4,3,1,1,3,2,4
Coastal,0.305169052,-0.145987669,2,1,4,3,1,1,3,2,4
Coastal,0.087467639,-0.053443871,2,1,1,2,3,3,4,5,5
Coastal,0.224398911,-0.054019653,2,1,4,3,1,1,3,2,4
Coastal,0.258372669,-0.217363067,2,1,4,3,1,1,3,2,4
Coastal,0.117769647,-0.260549139,2,1,1,2,3,3,4,4,6
Coastal,0.194964577,-0.084617933,2,1,4,3,1,1,3,2,4
Coastal,-0.048192598,-0.098488902,2,2,1,2,3,3,8,8,10
Coastal,0.011411359,-0.129550876,2,2,1,2,3,3,4,4,6
Coastal,-0.144101321,-0.135814447,2,2,2,4,6,4,2,9,9
Coastal,0.219498143,-0.028398527,2,1,4,3,1,1,3,2,4
Coastal,0.085810305,0.039480389,1,1,4,5,4,5,7,3,5
Coastal,0.127054393,0.002944636,2,1,4,3,1,1,3,5,5
Coastal,0.022493214,-0.105585021,2,1,1,2,3,3,4,4,6
Coastal,0.054072032,-0.025089393,2,1,1,2,3,3,4,5,5
Coastal,0.118626866,-0.093533164,2,1,4,3,1,1,4,5,6
Coastal,0.133640862,-0.086499066,2,1,4,3,1,1,3,2,4
Coastal,-0.036836891,-0.136851751,2,2,1,2,3,3,8,4,10
Coastal,-0.05536359,-0.131624882,2,2,1,4,6,4,8,8,10
Coastal,0.113695616,-0.10185176,2,1,1,3,1,1,4,5,6
Coastal,0.096927492,-0.024643505,2,1,4,3,1,1,4,5,5
Coastal,-0.045579934,-0.024334558,2,2,1,2,3,6,8,8,10
Coastal,0.231203027,-0.019546459,2,1,4,3,1,1,3,2,4
Coastal,-0.024009437,-0.07594805,2,2,1,2,3,3,8,8,10
Coastal,-0.021167761,-0.147642848,2,2,1,2,3,3,8,4,6
Coastal,0.179232792,0.066158934,1,1,4,5,4,2,5,1,7
Coastal,-0.003490532,0.178284715,1,3,3,1,5,7,6,6,2
Coastal,-0.046801528,-0.153941571,2,2,1,2,6,4,8,4,10
Coastal,0.07514288,-0.133702986,2,1,1,2,3,3,4,4,6
Coastal,0.146909777,0.070238816,1,1,4,5,4,2,5,1,7
Coastal,0.007474715,0.023305944,1,3,3,5,3,5,7,3,5
Coastal,0.206307134,0.082152784,1,1,4,3,4,2,5,1,7
Coastal,0.028399357,0.027855677,1,3,3,5,4,5,7,3,5
Coastal,0.374852871,-0.089106255,2,1,4,3,1,1,3,2,4
Coastal,0.122118339,-0.076033551,2,1,4,3,1,1,4,5,4
Coastal,0.127270513,0.207166598,1,3,3,5,4,2,5,1,7
Coastal,0.077701015,0.021554542,1,1,4,5,4,5,7,5,5
Coastal,0.244779794,0.001625893,2,1,4,3,1,1,3,2,4
Coastal,0.112933201,-0.070232551,2,1,4,3,1,1,4,5,5
Coastal,0.074899028,-0.132088975,2,1,1,2,3,3,4,4,6
Coastal,0.049967246,-0.065563282,2,1,1,2,3,3,4,5,5
Coastal,0.009793299,-0.1566473,2,2,1,2,3,3,4,4,6
Coastal,-0.241759675,-0.007747469,2,2,2,4,2,6,1,7,1
Coastal,-0.08775497,-0.238495557,2,2,2,4,6,4,2,9,9
Coastal,0.070140363,0.058840566,1,3,3,5,4,5,7,3,3
Coastal,-0.247650722,0.038985855,1,2,2,4,2,6,1,7,1
Coastal,-0.137751827,-0.153325841,2,2,2,4,6,4,2,9,9
Coastal,-0.155300533,-0.171393789,2,2,2,4,6,4,2,9,9
Coastal,0.149358059,0.004772081,2,1,4,3,1,1,3,2,4
Coastal,-0.128903193,-0.239975224,2,2,2,4,6,4,2,9,9
Coastal,0.002288476,-0.107214759,2,2,1,2,3,3,8,4,6
Coastal,-0.001466671,-0.150155859,2,2,1,2,3,3,8,4,6
Coastal,-0.105275111,-0.200793893,2,2,2,4,6,4,2,9,9
Coastal,0.200132583,-0.06757131,2,1,4,3,1,1,3,2,4
Coastal,0.183923933,-0.089980209,2,1,4,3,1,1,3,2,4
Coastal,-0.178574079,-0.151941653,2,2,2,4,6,4,2,9,9
Coastal,-0.134627082,-0.214449749,2,2,2,4,6,4,2,9,9
Coastal,0.069585757,-0.022222593,2,1,1,2,3,3,4,5,5
Coastal,-0.068528578,-0.238279394,2,2,2,4,6,4,2,9,9
Coastal,-0.11471458,-0.143363183,2,2,2,4,6,4,2,9,9
Coastal,-0.280225226,-0.01277697,2,2,2,4,6,6,1,7,1
Coastal,-0.001477859,-0.03570893,2,2,1,2,3,3,8,5,5
Coastal,-0.140194989,-0.0891571,2,2,2,4,6,4,2,9,9
Coastal,-0.065876132,-0.119161433,2,2,2,4,6,4,8,8,10
Coastal,0.004426798,-0.001729643,2,1,1,2,3,3,7,5,5
Coastal,0.063567227,-0.068477895,2,1,1,2,3,3,4,5,5
Coastal,-0.190103995,-0.094644043,2,2,2,4,6,4,2,9,1
Coastal,-0.022715406,-0.075526808,2,2,1,2,3,3,8,8,10
Coastal,-0.197845802,0.154323971,1,3,3,1,2,7,1,7,2
Coastal,-0.28124473,0.034944508,1,2,2,4,2,6,1,7,1
Coastal,-0.051019416,-0.115298897,2,2,1,4,3,3,8,8,10
Coastal,-0.036086411,-0.100512008,2,2,1,2,3,3,8,8,10
Coastal,-0.195938996,-0.076427986,2,2,2,4,6,4,2,9,1
Coastal,-0.207038308,0.082604406,1,2,2,1,2,6,1,7,1
Coastal,-0.032615523,-0.112112304,2,2,1,2,3,3,8,8,10
Coastal,0.178611032,-0.059362279,2,1,4,3,1,1,3,2,4
Coastal,-0.1013049,-0.100808214,2,2,2,4,6,4,2,9,10
Coastal,0.013346487,-0.056988035,2,1,1,2,3,3,4,5,5
Coastal,0.155952032,0.201362984,1,3,3,5,4,2,5,1,7
Coastal,0.120535045,0.012498297,1,1,4,3,4,1,5,5,5
Coastal,0.088435705,-0.009476668,2,1,4,2,3,1,4,5,5
Coastal,-0.12602194,-0.056582936,2,2,2,4,6,4,2,8,10
Coastal,0.069763193,-0.136136394,2,1,1,2,3,3,4,4,6
Coastal,0.240325432,-0.128347325,2,1,4,3,1,1,3,2,4
Coastal,0.217666647,-0.065976691,2,1,4,3,1,1,3,2,4
Coastal,0.154456486,-0.074529455,2,1,4,3,1,1,3,2,4
Coastal,0.210364236,0.001871925,2,1,4,3,1,1,3,2,4
Coastal,0.329461643,-0.260138706,2,1,4,3,1,1,3,2,4
Coastal,-0.076322944,-0.136634791,2,2,2,4,6,4,2,9,9
Coastal,0.038231254,-0.078655989,2,1,1,2,3,3,4,5,6
Coastal,0.208031952,-0.149073743,2,1,4,3,1,1,3,2,4
Coastal,0.023655542,0.003487281,2,1,1,2,3,5,7,5,5
Coastal,0.087057814,-0.249109334,2,1,1,2,3,3,4,4,6
Coastal,0.052442706,-0.008755389,2,1,1,2,3,3,4,5,5
Coastal,0.217368404,-0.055574654,2,1,4,3,1,1,3,2,4
Coastal,0.206102052,-0.054432519,2,1,4,3,1,1,3,2,4
Coastal,0.199559509,-0.007275709,2,1,4,3,1,1,3,2,4
Coastal,0.20134967,-0.194155878,2,1,4,3,1,1,3,2,4
Coastal,0.250930357,-0.004528081,2,1,4,3,1,1,3,2,4
Coastal,0.152019473,-0.041041629,2,1,4,3,1,1,3,2,4
Coastal,0.055233859,-0.082502109,2,1,1,2,3,3,4,5,6
Coastal,0.028902227,-0.125857463,2,1,1,2,3,3,4,4,6
Coastal,0.037440652,-0.124645727,2,1,1,2,3,3,4,4,6
Coastal,0.149104622,0.129228062,1,3,4,5,4,2,5,1,7
Coastal,0.057041629,-0.120960711,2,1,1,2,3,3,4,4,6
Coastal,0.039965542,-0.127852337,2,1,1,2,3,3,4,4,6
Coastal,0.14978986,0.147118125,1,3,3,5,4,2,5,1,7
Coastal,0.070793398,-0.057267061,2,1,1,2,3,3,4,5,5
Coastal,0.164551869,0.164790232,1,3,3,5,4,2,5,1,7
Coastal,0.06697428,-0.073777362,2,1,1,2,3,3,4,5,5
Coastal,0.09116261,0.105338541,1,3,3,5,4,2,5,1,7
Coastal,0.085230024,0.087641703,1,3,3,5,4,5,7,3,7
Coastal,0.089079147,0.121768216,1,3,3,5,4,2,5,1,7
Coastal,0.198912258,0.175262268,1,3,4,5,4,2,5,1,7
Coastal,0.371891226,0.031099724,1,1,4,3,1,1,3,2,4
Coastal,0.042457535,-0.078188672,2,1,1,2,3,3,4,5,6
Coastal,0.193028058,-0.10046132,2,1,4,3,1,1,3,2,4
Coastal,0.059924046,0.011879385,1,1,1,5,4,5,7,5,5
Coastal,0.199911644,0.201661705,1,3,4,5,4,2,5,1,7
Coastal,-0.015975549,-0.057155896,2,2,1,2,3,3,8,8,10
Coastal,0.264767206,0.019629203,1,1,4,3,1,1,3,2,4
Coastal,0.127821203,-0.156063162,2,1,1,3,1,1,4,4,6
Coastal,0.200411255,-0.048766646,2,1,4,3,1,1,3,2,4
Coastal,0.196849004,0.04292923,1,1,4,3,1,2,5,1,7
Coastal,0.016874408,0.009317251,2,1,1,2,3,5,7,5,5
Coastal,0.045585922,-0.039164599,2,1,1,2,3,3,4,5,5
Coastal,-0.052272719,-0.12644418,2,2,1,4,6,4,8,8,10
Coastal,0.057521959,-0.112190315,2,1,1,2,3,3,4,4,6
Coastal,0.047007551,-0.094590791,2,1,1,2,3,3,4,4,6
Coastal,-0.156425425,-0.157571553,2,2,2,4,6,4,2,9,9
Coastal,-0.185225654,-0.155907577,2,2,2,4,6,4,2,9,9
Coastal,-0.08505957,-0.146724703,2,2,2,4,6,4,2,9,9
Coastal,-0.066382519,-0.129383447,2,2,2,4,6,4,8,8,10
Coastal,-0.009719401,-0.154599916,2,2,1,2,3,3,8,4,6
Coastal,-0.087251841,-0.129278863,2,2,2,4,6,4,2,9,9
Coastal,-0.073892958,0.06249395,1,3,3,1,2,6,1,7,8
Coastal,0.023515661,-0.115074814,2,1,1,2,3,3,4,4,6
Coastal,0.023466088,-0.066395895,2,1,1,2,3,3,4,5,5
Coastal,-0.07645887,0.049227014,1,3,3,1,2,6,1,7,8
Coastal,-0.032987118,-0.117714078,2,2,1,2,3,3,8,4,10
Coastal,0.01301962,-0.097531198,2,1,1,2,3,3,4,4,6
Coastal,0.041488928,-0.114900767,2,1,1,2,3,3,4,4,6
Coastal,-0.019544962,-0.117208816,2,2,1,2,3,3,8,4,10
Coastal,-0.008077614,0.030648727,1,3,3,5,2,5,7,3,8
Coastal,0.031563625,-0.099439183,2,1,1,2,3,3,4,4,6
Coastal,0.012105589,-0.135142387,2,2,1,2,3,3,4,4,6
Coastal,0.10589131,-0.237928562,2,1,1,2,3,3,4,4,6
Coastal,0.055210456,0.198242038,1,3,3,5,5,2,6,3,3
Coastal,0.041291291,-0.081230187,2,1,1,2,3,3,4,5,6
Coastal,0.001886749,-0.090171983,2,2,1,2,3,3,8,4,6
Coastal,0.196548309,0.096421669,1,1,4,5,4,2,5,1,7
Coastal,0.129674595,0.116898141,1,3,3,5,4,2,5,1,7
Coastal,0.123369567,0.123082386,1,3,3,5,4,2,5,1,7
Coastal,0.145723333,0.13806128,1,3,3,5,4,2,5,1,7
Coastal,0.162028113,0.1555336,1,3,3,5,4,2,5,1,7
Coastal,0.148879899,-0.099087152,2,1,4,3,1,1,3,2,4
Coastal,0.178817928,-0.135008082,2,1,4,3,1,1,3,2,4
Coastal,0.148220495,-0.001889581,2,1,4,3,1,1,3,2,4
Coastal,0.060064277,0.018739558,1,1,1,5,4,5,7,5,5
Coastal,0.073759941,0.029852887,1,1,4,5,4,5,7,5,5
Coastal,0.150072325,-0.172524899,2,1,4,3,1,1,3,2,4
Coastal,0.062890428,-0.095327798,2,1,1,2,3,3,4,4,6
Coastal,0.250154394,-0.05274142,2,1,4,3,1,1,3,2,4
Coastal,0.079885597,-0.313854856,2,1,1,2,3,3,4,4,6
Coastal,-0.018026924,-0.01221455,2,2,1,2,3,3,8,8,10
Coastal,0.001614921,-0.155961281,2,2,1,2,3,3,4,4,6
Coastal,-0.369933259,0.067517157,1,2,2,4,2,6,1,7,1
Coastal,0.035506273,-0.101574575,2,1,1,2,3,3,4,4,6
Coastal,-6.02E-04,-0.13808894,2,2,1,2,3,3,8,4,6
Coastal,-0.10541669,-0.025071651,2,2,2,4,2,6,8,8,10
Coastal,-0.108604684,-0.14140007,2,2,2,4,6,4,2,9,9
Coastal,-0.172929839,-0.209413852,2,2,2,4,6,4,2,9,9
Coastal,-0.122975479,-0.091898809,2,2,2,4,6,4,2,9,9
Coastal,0.18148733,-0.099787875,2,1,4,3,1,1,3,2,4
Coastal,-0.041358138,-0.07829176,2,2,1,2,3,3,8,8,10
Coastal,-0.044463208,-0.075969976,2,2,1,2,3,3,8,8,10
Coastal,0.035162392,-0.0340303,2,1,1,2,3,3,4,5,5
Coastal,0.120668651,0.045417389,1,1,4,5,4,2,5,1,7
Coastal,0.031540955,-0.011633024,2,1,1,2,3,3,4,5,5
Coastal,2.38E-04,-0.129297347,2,2,1,2,3,3,8,4,6
Coastal,-0.044464603,-0.211575518,2,2,1,4,6,4,2,4,9
Coastal,-0.154356021,-0.185805343,2,2,2,4,6,4,2,9,9
Coastal,-0.008347223,-0.14020801,2,2,1,2,3,3,8,4,6
Coastal,-0.008593369,-0.059463009,2,2,1,2,3,3,8,8,10
Coastal,-0.109435932,-0.158805336,2,2,2,4,6,4,2,9,9
Coastal,0.032491702,-0.069703407,2,1,1,2,3,3,4,5,5
Coastal,-0.114322576,-0.123360906,2,2,2,4,6,4,2,9,9
Coastal,-0.128217631,-0.170646987,2,2,2,4,6,4,2,9,9
Coastal,-0.119829628,-0.099067082,2,2,2,4,6,4,2,9,9
Coastal,-0.183715055,0.128270456,1,3,3,1,2,6,1,7,2
Coastal,-0.13576958,-0.121135785,2,2,2,4,6,4,2,9,9
Coastal,0.064535878,-0.073798683,2,1,1,2,3,3,4,5,5
Coastal,0.143549679,-0.064122958,2,1,4,3,1,1,3,2,4
Coastal,0.131636154,-0.160336157,2,1,1,3,1,1,4,4,6
Coastal,-0.040999174,-0.117839142,2,2,1,2,3,3,8,8,10
Coastal,0.244854143,0.280223772,1,3,3,5,4,2,5,1,7
Coastal,0.134592584,0.156158523,1,3,3,5,4,2,5,1,7
Coastal,0.205981163,0.021074666,1,1,4,3,1,1,3,2,4
Coastal,-0.222563195,-0.056854893,2,2,2,4,6,4,2,9,1
Coastal,-0.10263686,-0.196343989,2,2,2,4,6,4,2,9,9
Coastal,-0.231818166,-0.093848181,2,2,2,4,6,4,2,9,1
Coastal,0.169620349,-0.067456511,2,1,4,3,1,1,3,2,4
Coastal,-0.083612182,-0.016998174,2,2,2,4,2,6,8,8,10
Coastal,0.155094313,-0.018451111,2,1,4,3,1,1,3,2,4
Coastal,-0.193513541,-0.064623788,2,2,2,4,6,4,2,9,1
Coastal,0.042440751,-0.04000994,2,1,1,2,3,3,4,5,5
Coastal,0.07351118,-0.016429801,2,1,1,2,3,3,4,5,5
Coastal,0.023079821,-0.034199634,2,1,1,2,3,3,4,5,5
Coastal,0.183182304,-0.136457839,2,1,4,3,1,1,3,2,4
Coastal,0.181372564,-0.166746169,2,1,4,3,1,1,3,2,4
Coastal,0.129072879,-0.063880712,2,1,4,3,1,1,3,2,4
Coastal,0.060593581,-0.085969546,2,1,1,2,3,3,4,5,6
Coastal,-0.058910914,-0.067407749,2,2,2,4,3,3,8,8,10
Oceanic,-0.012147202,-0.091051553,2,2,1,2,3,3,8,4,10
Oceanic,-0.206552107,-0.025250408,2,2,2,4,6,6,1,7,1
Oceanic,0.015470619,-0.023067194,2,1,1,2,3,3,4,5,5
Oceanic,-7.92E-04,0.170507908,1,3,3,1,5,7,6,6,3
Oceanic,0.046911423,-0.045320824,2,1,1,2,3,3,4,5,5
Oceanic,-0.164640398,0.142633415,1,3,3,1,2,7,1,7,2
Oceanic,-0.05181834,0.2337394,1,3,3,1,5,7,6,6,2
Oceanic,0.11410393,0.064962474,1,1,4,5,4,2,5,1,7
Oceanic,-0.258577222,0.089400507,1,2,2,1,2,6,1,7,1
Oceanic,-0.024726038,-0.029728411,2,2,1,2,3,3,8,8,10
Oceanic,-0.079865756,0.233338321,1,3,3,1,5,7,6,6,2
Oceanic,8.67E-04,0.246857992,1,3,3,1,5,7,6,6,2
Oceanic,0.038280837,0.125763277,1,3,3,5,4,5,7,3,3
Oceanic,0.021111512,0.003288296,2,1,1,2,3,5,7,5,5
Oceanic,-0.14735577,-0.033758667,2,2,2,4,6,6,2,7,1
Oceanic,-0.021995976,-0.098365279,2,2,1,2,3,3,8,8,10
Oceanic,0.034040466,0.045581603,1,3,3,5,4,5,7,3,3
Oceanic,-0.117514587,0.232030096,1,3,3,1,5,7,6,6,2
Oceanic,0.0439611,-0.045551143,2,1,1,2,3,3,4,5,5
Oceanic,0.024034388,0.138383538,1,3,3,5,5,5,6,3,3
Oceanic,0.044801457,0.040886795,1,3,3,5,4,5,7,3,5
Oceanic,0.389869927,0.20269866,1,1,4,3,4,2,5,1,7
Oceanic,-0.012702411,0.216498764,1,3,3,1,5,7,6,6,2
Oceanic,0.051909392,0.11120188,1,3,3,5,4,5,7,3,3
Oceanic,0.164176799,0.164779897,1,3,3,5,4,2,5,1,7
Oceanic,0.094814685,0.081071058,1,3,3,5,4,2,5,1,7
Oceanic,-0.008963165,0.141743153,1,3,3,1,5,7,6,6,3
Oceanic,-0.053411269,0.245454749,1,3,3,1,5,7,6,6,2
Oceanic,0.032803939,0.110025468,1,3,3,5,4,5,7,3,3
Oceanic,-0.042769806,0.019067751,1,3,3,1,2,6,7,8,8
Oceanic,-0.003532845,0.130580596,1,3,3,1,5,5,6,3,3
Oceanic,0.032989128,0.280588842,1,3,3,5,5,7,6,6,2
Oceanic,-0.088693395,0.24569074,1,3,3,1,5,7,6,6,2
Oceanic,-0.007173616,0.149119283,1,3,3,1,5,7,6,6,3
Oceanic,0.049162691,0.055472307,1,3,3,5,4,5,7,3,3
Oceanic,0.073929923,-0.032670049,2,1,1,2,3,3,4,5,5
Oceanic,0.018809786,0.116806877,1,3,3,5,5,5,7,3,3
Oceanic,-0.013021473,0.024207491,1,3,3,5,2,5,7,3,8
Oceanic,-0.035070279,0.124302879,1,3,3,1,5,7,6,6,3
Oceanic,-0.178558001,0.08241559,1,3,2,1,2,6,1,7,8
Oceanic,0.049302074,0.10714955,1,3,3,5,4,5,7,3,3
Oceanic,0.01240698,0.036912951,1,3,3,5,4,5,7,3,3
Oceanic,0.045955374,0.048420177,1,3,3,5,4,5,7,3,3
Oceanic,-0.034454657,0.18881186,1,3,3,1,5,7,6,6,2
Oceanic,-0.018353971,0.186864032,1,3,3,1,5,7,6,6,2
Oceanic,-0.006208307,0.165939318,1,3,3,1,5,7,6,6,3
Oceanic,-0.02567136,0.030450944,1,3,3,1,2,5,7,3,8
Oceanic,0.013658276,0.165943231,1,3,3,5,5,7,6,6,3
Oceanic,-0.066785401,0.076194034,1,3,3,1,2,6,1,6,8
Oceanic,-0.059050714,0.117952916,1,3,3,1,5,7,6,6,2
Oceanic,-0.027825216,-0.043648826,2,2,1,2,3,3,8,8,10
Oceanic,0.012516075,0.209098603,1,3,3,1,5,7,6,6,2
Oceanic,0.131179764,0.306074214,1,3,3,5,4,2,5,1,7
Oceanic,0.050044507,0.123468829,1,3,3,5,4,5,7,3,3
Oceanic,-0.099719121,0.125885579,1,3,3,1,5,7,1,6,2
Oceanic,-0.088014112,-0.068513697,2,2,2,4,6,4,8,8,10
Oceanic,-0.044129893,0.062442858,1,3,3,1,2,6,7,3,8
Oceanic,0.048012468,0.262398972,1,3,3,5,5,7,6,6,2
Oceanic,0.076522253,0.106473971,1,3,3,5,4,5,7,3,3
Oceanic,-0.01050335,0.147257607,1,3,3,1,5,7,6,6,3
Oceanic,-0.02377182,0.096026533,1,3,3,1,5,5,7,3,3
Oceanic,0.031411203,0.082385375,1,3,3,5,4,5,7,3,3
Oceanic,0.052432668,0.095296893,1,3,3,5,4,5,7,3,3
Oceanic,-0.020397321,-0.015812633,2,2,1,2,3,3,8,8,10
Oceanic,0.046064302,0.122949522,1,3,3,5,4,5,7,3,3
Oceanic,0.045758323,0.090216374,1,3,3,5,4,5,7,3,3
Oceanic,-0.037663935,-0.112771318,2,2,1,2,3,3,8,8,10
Oceanic,-0.019520741,-0.067677884,2,2,1,2,3,3,8,8,10
Oceanic,0.084961276,0.053473771,1,1,4,5,4,5,7,3,5
Oceanic,0.114348509,0.109917001,1,3,3,5,4,2,5,1,7
Oceanic,0.084459653,0.16393847,1,3,3,5,4,2,5,1,7
Oceanic,0.056867941,0.010804611,1,1,1,5,4,5,7,5,5
Oceanic,-0.056764228,0.09951833,1,3,3,1,5,7,6,6,8
Oceanic,0.053404567,0.109880495,1,3,3,5,4,5,7,3,3
Oceanic,0.173536253,0.035224382,1,1,4,3,1,1,5,1,7
Oceanic,-0.05662373,0.251842956,1,3,3,1,5,7,6,6,2
Oceanic,0.138385654,0.123342513,1,3,4,5,4,2,5,1,7
Oceanic,0.149704232,0.108468668,1,3,4,5,4,2,5,1,7
Oceanic,0.133796943,0.134293648,1,3,3,5,4,2,5,1,7
Oceanic,0.076261382,0.149341228,1,3,3,5,4,2,5,1,3
Oceanic,0.123556399,0.088076579,1,3,4,5,4,2,5,1,7
Oceanic,0.107899971,0.148054443,1,3,3,5,4,2,5,1,7
Oceanic,0.124556304,0.156248462,1,3,3,5,4,2,5,1,7
Oceanic,0.135543875,0.121732131,1,3,3,5,4,2,5,1,7
Oceanic,0.127432785,0.108990173,1,3,4,5,4,2,5,1,7
Oceanic,0.051177329,-0.06741821,2,1,1,2,3,3,4,5,5
Oceanic,-0.047331425,0.109787644,1,3,3,1,5,7,6,6,2
Oceanic,-0.151707873,0.172883593,1,3,3,1,5,7,1,6,2
Oceanic,0.022064452,0.075278213,1,3,3,5,4,5,7,3,3
Oceanic,0.036478539,0.13768633,1,3,3,5,5,5,7,3,3
Oceanic,-0.069992513,0.161505737,1,3,3,1,5,7,6,6,2
Oceanic,0.035320214,0.129929939,1,3,3,5,5,5,7,3,3
Oceanic,-0.080897929,0.199400747,1,3,3,1,5,7,6,6,2
Oceanic,-0.062627137,0.063812575,1,3,3,1,2,6,1,7,8
Oceanic,0.020393257,0.070866397,1,3,3,5,4,5,7,3,3
Oceanic,0.052386869,0.157248942,1,3,3,5,4,5,6,3,3
Oceanic,-0.053949989,0.219064963,1,3,3,1,5,7,6,6,2
Oceanic,-0.07926497,-0.070298306,2,2,2,4,6,4,8,8,10
Oceanic,0.002300971,0.087861984,1,3,3,5,5,5,7,3,3
Oceanic,-0.064535686,0.165019356,1,3,3,1,5,7,6,6,2
Oceanic,-0.167040105,-0.030506168,2,2,2,4,6,6,1,7,1
Oceanic,-0.108014655,0.071945576,1,3,3,1,2,6,1,7,8
Oceanic,-0.098239596,0.178987033,1,3,3,1,5,7,6,6,2
Oceanic,-0.206431614,-0.094146485,2,2,2,4,6,4,2,9,1
Oceanic,-0.040039098,0.187663639,1,3,3,1,5,7,6,6,2
Oceanic,-0.030412713,0.124107281,1,3,3,1,5,7,6,6,3
Oceanic,-0.083101498,-0.023436849,2,2,2,4,2,6,8,8,10
Oceanic,-0.09424215,0.020572463,1,2,2,1,2,6,1,7,8
Oceanic,-0.034379135,0.139536622,1,3,3,1,5,7,6,6,2
Oceanic,-0.00532601,-0.080214103,2,2,1,2,3,3,8,8,10
Oceanic,-0.060493196,0.149301193,1,3,3,1,5,7,6,6,2
Oceanic,-0.041015415,-0.001601917,2,2,1,2,2,6,8,8,8
Oceanic,-0.221861548,-0.090557482,2,2,2,4,6,4,2,9,1
Oceanic,-0.194839071,-0.073241302,2,2,2,4,6,4,2,9,1
Oceanic,-0.037421803,-0.066931342,2,2,1,2,3,3,8,8,10
Oceanic,-0.111355964,-0.070692891,2,2,2,4,6,4,2,8,10
Oceanic,-0.028893635,0.169972746,1,3,3,1,5,7,6,6,2
Oceanic,0.002768514,0.142389942,1,3,3,1,5,5,6,3,3
Oceanic,-0.046673731,-0.048105576,2,2,1,2,3,3,8,8,10
Oceanic,-0.092317949,0.037309383,1,3,3,1,2,6,1,7,8
Oceanic,-0.059265212,0.08686308,1,3,3,1,2,6,6,6,8
Oceanic,0.074691568,-0.026857592,2,1,1,2,3,3,4,5,5
Oceanic,-0.067663669,0.046442715,1,3,3,1,2,6,1,7,8
Oceanic,-0.03292157,0.06387733,1,3,3,1,2,5,7,3,8
Oceanic,0.126806204,0.056968273,1,1,4,5,4,2,5,1,7
Oceanic,-0.034679101,0.106083513,1,3,3,1,5,7,6,6,3
Oceanic,-0.141331994,0.145442712,1,3,3,1,2,7,1,6,2
Oceanic,-0.05737874,0.104952375,1,3,3,1,5,7,6,6,8
Oceanic,-0.048761523,0.015527924,1,2,3,1,2,6,8,8,8
Oceanic,-0.03660391,0.060802265,1,3,3,1,2,5,7,3,8
Oceanic,-0.1137402,0.149848411,1,3,3,1,5,7,6,6,2
Oceanic,-0.153642316,0.054925085,1,2,2,1,2,6,1,7,8
Oceanic,8.95E-04,0.172167721,1,3,3,1,5,7,6,6,3
Oceanic,-0.044730627,-0.088976026,2,2,1,2,3,3,8,8,10
Oceanic,0.007507907,-0.090624962,2,2,1,2,3,3,4,4,6
Oceanic,-0.037307808,-0.081054395,2,2,1,2,3,3,8,8,10
Oceanic,-0.144997912,-0.064235354,2,2,2,4,6,4,2,9,1
Oceanic,-0.20876502,0.013160424,2,2,2,4,2,6,1,7,1
Oceanic,-0.132727879,-0.115937752,2,2,2,4,6,4,2,9,9
Oceanic,-0.258694129,0.170531915,1,3,3,1,2,7,1,7,2
Oceanic,-0.095626673,-0.130749616,2,2,2,4,6,4,2,9,9
Oceanic,-0.044579629,0.206258981,1,3,3,1,5,7,6,6,2
Oceanic,0.027722937,0.042522715,1,3,3,5,4,5,7,3,3
Oceanic,-0.066166277,0.124966963,1,3,3,1,5,7,6,6,2
Oceanic,-0.051953512,0.198194713,1,3,3,1,5,7,6,6,2
Oceanic,-0.007281128,0.162628047,1,3,3,1,5,7,6,6,3
Oceanic,-0.074377566,0.049403141,1,3,3,1,2,6,1,7,8
Oceanic,-0.09698203,0.136402752,1,3,3,1,5,7,6,6,2
Oceanic,0.0956596,0.090943044,1,3,3,5,4,2,5,1,7
Oceanic,-0.201732183,0.106666076,1,3,3,1,2,6,1,7,1
Oceanic,-0.215892205,0.006862447,2,2,2,4,2,6,1,7,1
Oceanic,-0.111722563,0.082958269,1,3,3,1,2,6,1,7,8
Oceanic,0.071152483,-0.025126933,2,1,1,2,3,3,4,5,5
Oceanic,-0.002405015,0.115465065,1,3,3,5,5,5,7,3,3
Oceanic,0.006100576,0.018596739,1,3,3,5,3,5,7,3,5
Oceanic,-0.151757798,-0.073866864,2,2,2,4,6,4,2,9,1
Oceanic,0.046600622,-0.09818452,2,1,1,2,3,3,4,4,6
Oceanic,-0.111534854,-0.078448906,2,2,2,4,6,4,2,8,10
Oceanic,-0.162760971,0.069470995,1,3,2,1,2,6,1,7,8
Oceanic,-0.078556512,-0.105214426,2,2,2,4,6,4,8,8,10
Oceanic,-0.119629032,-0.122945594,2,2,2,4,6,4,2,9,9
Oceanic,-0.124598584,-0.00615556,2,2,2,4,2,6,1,7,8
Oceanic,0.05215122,0.040346583,1,3,3,5,4,5,7,3,5
Oceanic,-0.141479909,0.077221251,1,3,3,1,2,6,1,7,8
Oceanic,0.071374708,0.049666313,1,3,3,5,4,5,7,3,5
Oceanic,0.021129872,3.27E-05,2,1,1,2,3,5,7,5,5
Oceanic,0.011124226,-0.072728865,2,1,1,2,3,3,4,5,6
Oceanic,0.01692842,0.123221434,1,3,3,5,5,5,7,3,3
Oceanic,0.023967881,-0.089673022,2,1,1,2,3,3,4,4,6
Oceanic,-0.045356481,-0.060300165,2,2,1,2,3,3,8,8,10
Oceanic,0.241927804,0.038480302,1,1,4,3,1,1,3,2,4
Oceanic,-0.151585692,-0.026358897,2,2,2,4,2,6,1,7,1
Oceanic,-0.07331375,-0.110683981,2,2,2,4,6,4,8,8,10
Oceanic,-0.041822402,-0.095407989,2,2,1,2,3,3,8,8,10
Oceanic,-0.075615923,-0.123602899,2,2,2,4,6,4,8,8,10
Oceanic,-0.058576141,-0.088899047,2,2,2,4,6,4,8,8,10
Oceanic,-0.060674215,-0.104096718,2,2,2,4,6,4,8,8,10
Oceanic,-0.113366466,0.045178534,1,3,2,1,2,6,1,7,8
Oceanic,-0.154682423,-0.06432303,2,2,2,4,6,4,2,9,1
Oceanic,-0.018322372,0.20680248,1,3,3,1,5,7,6,6,2
Oceanic,0.010972577,0.141016745,1,3,3,5,5,5,6,3,3
Oceanic,-0.149731854,-0.010743129,2,2,2,4,2,6,1,7,1
Oceanic,-0.042405118,-0.048854449,2,2,1,2,3,3,8,8,10
Oceanic,-0.15922346,-0.06732889,2,2,2,4,6,4,2,9,1
Oceanic,-0.296686346,0.024555447,1,2,2,4,2,6,1,7,1
Oceanic,-0.222766234,-0.094236094,2,2,2,4,6,4,2,9,1
Oceanic,-0.239543504,0.033643564,1,2,2,4,2,6,1,7,1
Oceanic,-0.013849443,0.106787774,1,3,3,1,5,5,7,3,3
Oceanic,-0.049584982,0.028709681,1,3,3,1,2,6,7,8,8
Oceanic,-0.079097507,0.086685972,1,3,3,1,2,6,1,6,8
Oceanic,0.032219092,-0.049915551,2,1,1,2,3,3,4,5,5
Oceanic,-0.091562636,0.026472522,1,2,2,1,2,6,1,7,8
Oceanic,-0.069482882,-0.064170416,2,2,2,4,6,4,8,8,10
Oceanic,-0.067812325,0.12900941,1,3,3,1,5,7,6,6,2
Oceanic,-0.082591242,-0.009755197,2,2,2,4,2,6,8,8,8
Oceanic,-0.089582284,0.167425424,1,3,3,1,5,7,6,6,2
Oceanic,-0.058099152,0.007812446,2,2,2,1,2,6,8,8,8
Oceanic,-0.10747727,0.119452255,1,3,3,1,2,7,1,6,2
Oceanic,-0.037255768,-0.035213779,2,2,1,2,3,3,8,8,10
Oceanic,-0.082178311,-0.035974154,2,2,2,4,2,6,8,8,10
Oceanic,-0.097906164,-0.040321544,2,2,2,4,6,6,8,8,10
Oceanic,-0.090948674,-0.079135228,2,2,2,4,6,4,8,8,10
Oceanic,0.410348619,-0.233603395,2,1,4,3,1,1,3,2,4
Oceanic,-0.116722495,-0.044342283,2,2,2,4,6,4,8,8,10
Oceanic,-0.113279047,-0.09719314,2,2,2,4,6,4,2,9,9
Oceanic,-0.112503125,-0.067459205,2,2,2,4,6,4,2,8,10
Oceanic,-0.064874423,-0.02054325,2,2,2,4,2,6,8,8,10
Oceanic,-0.196943845,-0.03923139,2,2,2,4,6,4,2,7,1
Oceanic,-0.173804782,0.02612132,1,2,2,4,2,6,1,7,1
Oceanic,-0.125078295,0.052721539,1,3,2,1,2,6,1,7,8
Oceanic,-0.041658676,0.071225158,1,3,3,1,2,5,7,3,8
Oceanic,0.012904949,-0.027811375,2,1,1,2,3,3,4,5,5
Oceanic,0.001034294,0.09387307,1,3,3,5,5,5,7,3,3
Oceanic,0.238066885,-0.312036034,2,1,4,3,1,1,3,2,4
Oceanic,0.240441199,0.353404773,1,3,3,5,4,2,5,1,7
Oceanic,-0.081112709,0.146670009,1,3,3,1,5,7,6,6,2
Oceanic,0.123321318,-0.011686902,2,1,4,3,1,1,3,5,5
Oceanic,-0.034427554,-0.074856548,2,2,1,2,3,3,8,8,10
Oceanic,0.04625997,-0.132745441,2,1,1,2,3,3,4,4,6
Oceanic,0.027338648,0.091249166,1,3,3,5,4,5,7,3,3
Oceanic,-0.150371989,0.122071397,1,3,3,1,2,7,1,7,2
Oceanic,0.030407476,0.10374657,1,3,3,5,4,5,7,3,3
Oceanic,-0.044420863,0.186824359,1,3,3,1,5,7,6,6,2
Oceanic,0.013876302,0.128168937,1,3,3,5,5,5,7,3,3
Oceanic,0.019463752,-0.051126654,2,1,1,2,3,3,4,5,5
Oceanic,-0.105277793,-0.094589728,2,2,2,4,6,4,2,9,10
Oceanic,-0.069305031,0.155462449,1,3,3,1,5,7,6,6,2
Oceanic,-0.051277613,0.106197037,1,3,3,1,5,7,6,6,8
Oceanic,-0.126795531,0.008729674,2,2,2,4,2,6,1,7,8
Oceanic,-0.067576831,0.172015327,1,3,3,1,5,7,6,6,2
Oceanic,-0.049050634,0.191685444,1,3,3,1,5,7,6,6,2
Oceanic,-0.143601869,0.171565426,1,3,3,1,5,7,1,6,2
Oceanic,0.00146691,-0.097739303,2,2,1,2,3,3,8,4,6
Oceanic,-0.074667206,-0.007279999,2,2,2,4,2,6,8,8,8
Oceanic,-0.085109861,-0.067655386,2,2,2,4,6,4,8,8,10
Oceanic,0.043437275,0.071717291,1,3,3,5,4,5,7,3,3
Oceanic,0.048389957,0.076969104,1,3,3,5,4,5,7,3,3
Oceanic,0.021008274,0.034924863,1,3,3,5,4,5,7,3,5
Oceanic,0.053037595,0.146058088,1,3,3,5,4,5,7,3,3
Oceanic,-0.045481187,0.190360994,1,3,3,1,5,7,6,6,2
Oceanic,-0.085761394,0.230161742,1,3,3,1,5,7,6,6,2
Oceanic,-0.047737675,0.277105955,1,3,3,1,5,7,6,6,2
Oceanic,-0.090289482,0.073550299,1,3,3,1,2,6,1,7,8
Oceanic,0.059423452,0.099141314,1,3,3,5,4,5,7,3,3
Oceanic,-0.134417321,-0.15225604,2,2,2,4,6,4,2,9,9
Oceanic,-0.011063792,0.118714975,1,3,3,1,5,5,6,3,3
Oceanic,-0.057447113,0.138913874,1,3,3,1,5,7,6,6,2
Oceanic,-0.088169119,-0.061543787,2,2,2,4,6,4,8,8,10
Oceanic,0.157948857,0.088625808,1,1,4,5,4,2,5,1,7
Oceanic,0.030074846,0.07173938,1,3,3,5,4,5,7,3,3
Oceanic,-0.035129442,0.413675914,1,3,3,1,5,7,6,6,2
Oceanic,0.041501675,-0.053071135,2,1,1,2,3,3,4,5,5
Oceanic,-0.09762478,0.101767834,1,3,3,1,2,7,1,7,8
Oceanic,0.12193522,-0.06627839,2,1,4,3,1,1,4,5,4
Oceanic,0.12971976,-0.003436726,2,1,4,3,1,1,3,5,5
Oceanic,0.009843114,-0.090161406,2,1,1,2,3,3,4,4,6
Oceanic,0.105937885,-0.080262575,2,1,1,3,1,1,4,5,5
Oceanic,0.035636608,-0.047175956,2,1,1,2,3,3,4,5,5
Oceanic,0.093000639,-0.08630319,2,1,1,2,3,3,4,5,6
Oceanic,0.071522192,-0.100019745,2,1,1,2,3,3,4,4,6
Oceanic,0.193003496,-0.038084233,2,1,4,3,1,1,3,2,4
Oceanic,-0.063061241,-0.065224353,2,2,2,4,3,3,8,8,10
Oceanic,-0.014413232,-0.028230937,2,2,1,2,3,3,8,8,10
Oceanic,-0.01358254,-0.053611192,2,2,1,2,3,3,8,8,10
Oceanic,9.33E-04,-0.049386228,2,2,1,2,3,3,8,5,5
Oceanic,-0.051035433,0.017102047,1,2,3,1,2,6,8,8,8
Oceanic,0.049891516,0.157018178,1,3,3,5,5,5,6,3,3
Oceanic,0.018647922,0.110134854,1,3,3,5,5,5,7,3,3
Oceanic,0.027238162,0.079090941,1,3,3,5,4,5,7,3,3
Oceanic,-0.00127193,0.108338226,1,3,3,5,5,5,7,3,3
Oceanic,0.211393297,-0.012796577,2,1,4,3,1,1,3,2,4
Oceanic,0.007840548,0.180889616,1,3,3,1,5,7,6,6,3
Oceanic,0.099698592,-0.06584268,2,1,1,3,1,1,4,5,5
Oceanic,0.044472424,-0.008807187,2,1,1,2,3,3,4,5,5
Oceanic,0.019238008,-0.057538724,2,1,1,2,3,3,4,5,5
Oceanic,0.04811798,0.11921269,1,3,3,5,4,5,7,3,3
Oceanic,0.017992761,-0.016075612,2,1,1,2,3,3,4,5,5
Oceanic,-0.003335753,-0.044679671,2,2,1,2,3,3,8,8,10
Oceanic,-0.152202685,-0.048309923,2,2,2,4,6,4,2,9,1
Oceanic,0.161520729,0.019609313,1,1,4,3,1,1,5,1,7
Oceanic,-0.075445004,-0.073612142,2,2,2,4,6,4,8,8,10
Oceanic,0.268213427,-0.001290694,2,1,4,3,1,1,3,2,4
Oceanic,-0.140698771,-0.050238069,2,2,2,4,6,4,2,8,1
Oceanic,0.212780585,0.003366176,2,1,4,3,1,1,3,2,4
Oceanic,0.108909432,-0.035594996,2,1,4,3,1,1,4,5,5
Oceanic,0.212677171,0.094594589,1,1,4,5,4,2,5,1,7
Oceanic,0.131391134,-0.05177166,2,1,4,3,1,1,3,2,4
Oceanic,0.020100521,-0.082358994,2,1,1,2,3,3,4,4,6
Oceanic,0.100135063,0.025297131,1,1,4,5,4,5,7,5,5
Oceanic,-0.013893925,0.045815486,1,3,3,5,2,5,7,3,8
Oceanic,0.004249945,-0.061838009,2,2,1,2,3,3,8,5,10
Oceanic,-0.040453416,-0.092043455,2,2,1,2,3,3,8,8,10
Oceanic,-0.135663188,-0.054261373,2,2,2,4,6,4,2,8,1
Oceanic,-0.065339236,-0.073405487,2,2,2,4,6,4,8,8,10
Oceanic,0.052622456,0.071681427,1,3,3,5,4,5,7,3,3
Oceanic,-0.104324702,0.183132719,1,3,3,1,5,7,6,6,2
Oceanic,-0.110983962,0.180901902,1,3,3,1,5,7,6,6,2
Oceanic,0.077567456,-0.046171642,2,1,1,2,3,3,4,5,5
Oceanic,-0.119067834,0.202523785,1,3,3,1,5,7,6,6,2
Oceanic,-0.179475012,-0.075078339,2,2,2,4,6,4,2,9,1
Oceanic,-0.169219889,0.05279685,1,2,2,1,2,6,1,7,1
Oceanic,-0.094228303,-0.061006478,2,2,2,4,6,4,8,8,10
Oceanic,-0.136851345,0.202310447,1,3,3,1,5,7,6,6,2
Oceanic,-0.095564378,-0.002961895,2,2,2,4,2,6,1,8,8
Oceanic,-0.250738173,0.060394525,1,2,2,1,2,6,1,7,1
Oceanic,-0.18901479,0.061501096,1,2,2,1,2,6,1,7,1
Oceanic,0.088354761,0.037713927,1,1,4,5,4,5,7,3,5
Oceanic,-0.19617961,0.05518761,1,2,2,1,2,6,1,7,1
Oceanic,-0.062305081,0.195302146,1,3,3,1,5,7,6,6,2
Oceanic,-0.042462563,0.061832425,1,3,3,1,2,5,7,3,8
Oceanic,-0.147228889,0.056685358,1,2,2,1,2,6,1,7,8
Oceanic,-0.040267693,-0.074082906,2,2,1,2,3,3,8,8,10
Oceanic,-0.146144434,0.037866936,1,2,2,1,2,6,1,7,8
Oceanic,-0.168563428,0.088090349,1,3,3,1,2,6,1,7,8
Oceanic,-0.098995833,0.194069156,1,3,3,1,5,7,6,6,2
Oceanic,-0.074849686,0.023922717,1,2,3,1,2,6,1,7,8
Oceanic,0.262349551,0.100867706,1,1,4,3,4,2,5,1,7
Oceanic,-0.339433989,0.09239731,1,2,2,1,2,6,1,7,1
Oceanic,-0.047219606,-0.087340187,2,2,1,2,3,3,8,8,10
Oceanic,-2.42E-05,-0.191923018,2,2,1,2,3,3,4,4,6
Oceanic,0.011503379,-0.026864174,2,1,1,2,3,3,4,5,5
Oceanic,-0.146814226,0.021759931,1,2,2,4,2,6,1,7,1
Oceanic,-0.141397945,0.008443838,2,2,2,4,2,6,1,7,1
Oceanic,-0.190579313,0.25125491,1,3,3,1,5,7,6,6,2
Oceanic,-0.066475214,-0.050856783,2,2,2,4,3,3,8,8,10
Oceanic,-0.110481478,0.142012364,1,3,3,1,5,7,6,6,2
Oceanic,-6.66E-04,-0.042932258,2,2,1,2,3,3,8,5,5
Oceanic,-0.149563135,0.017323987,1,2,2,4,2,6,1,7,1
Oceanic,-0.154153334,0.21283077,1,3,3,1,5,7,6,6,2
Oceanic,-0.093376708,0.135908461,1,3,3,1,5,7,6,6,2
Oceanic,0.145549573,-0.014405486,2,1,4,3,1,1,3,2,4
Oceanic,0.031187948,0.03624326,1,3,3,5,4,5,7,3,5
Oceanic,-0.007574847,-0.087227735,2,2,1,2,3,3,8,4,10
Oceanic,-0.139037701,0.132808424,1,3,3,1,2,7,1,7,2
Oceanic,-0.045202184,0.021471527,1,3,3,1,2,6,7,8,8
Oceanic,0.028010248,0.112947108,1,3,3,5,5,5,7,3,3
Oceanic,0.12037639,-0.062565502,2,1,4,3,1,1,4,5,5
Oceanic,-0.003171265,-0.054080907,2,2,1,2,3,3,8,8,10
Oceanic,0.001296338,-0.023426957,2,1,1,2,3,3,8,5,5
Oceanic,0.01935416,0.025482442,1,3,3,5,4,5,7,3,5
Oceanic,0.013743502,-0.026431321,2,1,1,2,3,3,4,5,5
Oceanic,0.10370677,0.033312597,1,1,4,5,4,5,7,5,5
Oceanic,-0.18624956,0.092361205,1,3,3,1,2,6,1,7,1
Oceanic,-0.061457916,0.052484518,1,3,3,1,2,6,1,7,8
Oceanic,-0.027467133,0.051317347,1,3,3,1,2,5,7,3,8
Oceanic,-0.049263755,0.063450925,1,3,3,1,2,6,7,3,8
Oceanic,-0.088632502,0.04845039,1,3,3,1,2,6,1,7,8
Oceanic,-0.091903811,-0.029615801,2,2,2,4,2,6,8,8,10
Oceanic,-0.102817247,0.064595196,1,3,3,1,2,6,1,7,8
Oceanic,-0.197138964,-0.041915516,2,2,2,4,6,4,2,9,1
Oceanic,0.082249343,0.050906397,1,1,3,5,4,5,7,3,5
Oceanic,0.145234216,-0.012486999,2,1,4,3,1,1,3,2,4
Oceanic,0.058296836,0.091798614,1,3,3,5,4,5,7,3,3
Oceanic,0.03559822,0.097705743,1,3,3,5,4,5,7,3,3
Oceanic,-0.059181147,0.158377033,1,3,3,1,5,7,6,6,2
Oceanic,3.23E-04,0.066689476,1,3,3,5,5,5,7,3,3
Oceanic,-9.65E-04,0.159989946,1,3,3,1,5,7,6,6,3
Oceanic,-0.122515517,0.142342447,1,3,3,1,5,7,1,6,2
Oceanic,-0.18015826,0.150446034,1,3,3,1,2,7,1,7,2
Oceanic,-0.032813207,0.059772463,1,3,3,1,2,5,7,3,8
Oceanic,-0.033113814,0.142311825,1,3,3,1,5,7,6,6,2
Oceanic,-0.03785926,0.134481902,1,3,3,1,5,7,6,6,2
Oceanic,-0.035155835,0.136714736,1,3,3,1,5,7,6,6,2
Oceanic,-0.125702999,-0.111827678,2,2,2,4,6,4,2,9,9
Oceanic,-0.200659109,0.181963462,1,3,3,1,2,7,1,7,2
Oceanic,-0.025471193,0.106708065,1,3,3,1,5,5,6,3,3
Oceanic,-0.002321069,0.155123948,1,3,3,1,5,7,6,6,3
Oceanic,-0.041259958,-0.035978444,2,2,1,2,3,3,8,8,10
Oceanic,-0.087202663,0.155543267,1,3,3,1,5,7,6,6,2
Oceanic,-0.058924028,0.12270191,1,3,3,1,5,7,6,6,2
Oceanic,-0.071646293,0.09022707,1,3,3,1,2,6,1,6,8
Oceanic,-0.142264298,0.224767494,1,3,3,1,5,7,6,6,2
Oceanic,-0.09081575,0.06632791,1,3,3,1,2,6,1,7,8
Oceanic,0.103042782,0.028800922,1,1,4,5,4,5,7,5,5
Oceanic,-0.06620999,-0.022348661,2,2,2,4,2,6,8,8,10
Oceanic,-0.068122456,0.100493846,1,3,3,1,5,7,6,6,8
Oceanic,-0.128002471,0.232148709,1,3,3,1,5,7,6,6,2
Oceanic,-0.082575372,-0.031817015,2,2,2,4,2,6,8,8,10
Oceanic,0.08166395,-0.022812291,2,1,1,2,3,3,4,5,5
Oceanic,-0.082114274,-0.033571143,2,2,2,4,2,6,8,8,10
Oceanic,0.040992617,0.062180807,1,3,3,5,4,5,7,3,3
Oceanic,0.080308984,0.203550928,1,3,3,5,4,2,5,1,7
Oceanic,-0.054342275,0.004678505,2,2,2,2,2,6,8,8,8
Oceanic,0.017428632,0.068194755,1,3,3,5,4,5,7,3,3
Oceanic,-0.076451098,0.022089388,1,2,2,1,2,6,1,7,8
Oceanic,0.098094921,-0.024026477,2,1,4,3,1,1,4,5,5
Oceanic,-0.136400096,-0.003804476,2,2,2,4,2,6,1,7,1
Oceanic,-0.049708976,-0.040036314,2,2,1,2,3,3,8,8,10
Oceanic,0.115523922,-0.03136201,2,1,4,3,1,1,4,5,5
Oceanic,-0.029616662,-0.064179297,2,2,1,2,3,3,8,8,10
Oceanic,-0.107118065,0.105642704,1,3,3,1,2,7,1,7,8
Oceanic,-0.062312511,-0.068495465,2,2,2,4,3,3,8,8,10
Oceanic,-0.131557404,-0.080566559,2,2,2,4,6,4,2,9,9
Oceanic,0.047844755,-0.129726688,2,1,1,2,3,3,4,4,6
Oceanic,-0.152313193,-0.116241423,2,2,2,4,6,4,2,9,9
Oceanic,0.01931423,0.001203032,2,1,1,2,3,5,7,5,5
Oceanic,0.071222819,0.116316089,1,3,3,5,4,5,7,3,3
Oceanic,0.099753822,0.137411408,1,3,3,5,4,2,5,1,7
Oceanic,-0.061903115,0.058764,1,3,3,1,2,6,1,7,8
Oceanic,0.022633765,0.090578165,1,3,3,5,4,5,7,3,3
Oceanic,0.008939782,0.111151838,1,3,3,5,5,5,7,3,3
Oceanic,-0.037066015,0.106405251,1,3,3,1,5,7,6,6,3
Oceanic,0.005426892,0.100263991,1,3,3,5,5,5,7,3,3
Oceanic,-0.025852094,0.053241057,1,3,3,1,2,5,7,3,8
Oceanic,0.082670772,0.043220723,1,1,4,5,4,5,7,3,5
Oceanic,-0.013909718,0.101167862,1,3,3,1,5,5,7,3,3
Oceanic,0.022398068,0.114517215,1,3,3,5,5,5,7,3,3
Oceanic,-0.059189944,-0.064264449,2,2,2,4,3,3,8,8,10
Oceanic,-0.026985885,-0.054765108,2,2,1,2,3,3,8,8,10
Oceanic,-0.031399002,-0.054357218,2,2,1,2,3,3,8,8,10
Oceanic,-0.100936135,0.043768049,1,3,3,1,2,6,1,7,8
Oceanic,-0.039690523,-0.015837878,2,2,1,2,2,6,8,8,10
Oceanic,-0.194284945,0.021210626,1,2,2,4,2,6,1,7,1
Oceanic,-0.026524685,-0.088500719,2,2,1,2,3,3,8,8,10
Oceanic,-0.215198766,-0.008013717,2,2,2,4,2,6,1,7,1
Oceanic,-0.101385184,0.076328976,1,3,3,1,2,6,1,7,8
Oceanic,-0.018910754,0.153494139,1,3,3,1,5,7,6,6,2
Oceanic,-0.027840587,0.213070836,1,3,3,1,5,7,6,6,2
Oceanic,-0.076738253,0.077797527,1,3,3,1,2,6,1,7,8
Oceanic,-0.144343379,0.064572726,1,3,2,1,2,6,1,7,8
Oceanic,-0.091865758,0.231059892,1,3,3,1,5,7,6,6,2
Oceanic,-0.174710204,-0.037083784,2,2,2,4,6,4,2,7,1
Oceanic,-0.047346636,-0.012205332,2,2,1,2,2,6,8,8,10
Oceanic,-0.013782588,0.021943157,1,3,3,5,2,5,7,3,8
Oceanic,-0.03195863,-0.04850878,2,2,1,2,3,3,8,8,10
Oceanic,0.123372954,-0.016971203,2,1,4,3,1,1,3,5,5
Oceanic,-0.106789483,-0.067696031,2,2,2,4,6,4,8,8,10
Oceanic,-0.108589494,0.031133332,1,2,2,1,2,6,1,7,8
Oceanic,-0.028022669,0.179780976,1,3,3,1,5,7,6,6,2
Oceanic,-0.097265617,0.088968299,1,3,3,1,2,6,1,7,8
Oceanic,0.058650204,-0.041327247,2,1,1,2,3,3,4,5,5
Oceanic,-0.066222955,0.051381422,1,3,3,1,2,6,1,7,8
Oceanic,0.012908781,0.090345722,1,3,3,5,5,5,7,3,3
Oceanic,-0.049223222,0.21429029,1,3,3,1,5,7,6,6,2
Oceanic,-0.168653746,0.114457482,1,3,3,1,2,6,1,7,8
Oceanic,-0.131801892,-0.07841331,2,2,2,4,6,4,2,9,9
Oceanic,-0.051874575,0.153046512,1,3,3,1,5,7,6,6,2
Oceanic,-0.041900009,0.096486383,1,3,3,1,5,5,6,6,8
Oceanic,-0.037305484,0.067667832,1,3,3,1,2,5,7,3,8
Oceanic,0.057703221,0.068655944,1,3,3,5,4,5,7,3,3
Oceanic,0.019183215,0.145476423,1,3,3,5,5,5,6,3,3
Oceanic,-0.061174766,0.059370511,1,3,3,1,2,6,1,7,8
Oceanic,-0.038480047,0.142448713,1,3,3,1,5,7,6,6,2
Oceanic,-0.034793742,-0.067570173,2,2,1,2,3,3,8,8,10
Oceanic,-0.033085833,0.118700098,1,3,3,1,5,7,6,6,3
Oceanic,-0.037929719,0.002690217,2,2,1,2,2,6,8,8,8
Oceanic,0.013386192,0.150230954,1,3,3,5,5,5,6,3,3
Oceanic,-0.070352393,-0.097194973,2,2,2,4,6,4,8,8,10
Oceanic,0.051248633,0.071069103,1,3,3,5,4,5,7,3,3
Oceanic,0.049815948,0.061742636,1,3,3,5,4,5,7,3,3
Oceanic,-0.195125189,-0.121375099,2,2,2,4,6,4,2,9,9
Oceanic,-0.040926397,0.046301771,1,3,3,1,2,6,7,3,8
Oceanic,-0.079586502,0.026896099,1,2,3,1,2,6,1,7,8
Oceanic,-0.026775935,0.146809791,1,3,3,1,5,7,6,6,2
Oceanic,-0.084264173,-0.023631371,2,2,2,4,2,6,8,8,10
Oceanic,-0.134161309,0.041700139,1,2,2,1,2,6,1,7,8
Oceanic,-0.066180125,0.056425014,1,3,3,1,2,6,1,7,8
Oceanic,-0.031834499,0.16931409,1,3,3,1,5,7,6,6,2
Oceanic,0.00317926,0.107976948,1,3,3,5,5,5,7,3,3
Oceanic,0.001864741,0.071825248,1,3,3,5,5,5,7,3,3
Oceanic,0.004049093,0.148818708,1,3,3,1,5,7,6,3,3
Oceanic,0.012208916,0.090770164,1,3,3,5,5,5,7,3,3
Oceanic,-0.150165699,0.079568014,1,3,3,1,2,6,1,7,8
Oceanic,0.016161479,0.100180473,1,3,3,5,5,5,7,3,3
Oceanic,-0.154642054,0.093296071,1,3,3,1,2,6,1,7,8
Oceanic,0.006137332,0.1129666,1,3,3,5,5,5,7,3,3
Oceanic,-0.067362696,0.010376726,2,2,2,1,2,6,8,8,8
Oceanic,0.28304926,-0.198219576,2,1,4,3,1,1,3,2,4
Oceanic,0.169552645,-0.256515294,2,1,1,3,1,1,3,4,6
Oceanic,0.126347512,-0.330143633,2,1,1,2,3,3,4,4,6
